"Name","Depth","DistinguishedName","Link Order","GPO","Enforced","Link Enabled","BlockInheritance","gPLink","gPOptions"
"Microsoft Exchange Security Groups","1","OU=Microsoft Exchange Security Groups,DC=solomonedwards,DC=com",,,,,"False","",""
"Organizational Units","1","OU=Organizational Units,DC=solomonedwards,DC=com","2","Remote Access","False","True","False","[LDAP://CN={7C1088A6-0F24-45C8-9AD0-79C7E43A56C9},CN=Policies,CN=System,DC=solomonedwards,DC=com;0][LDAP://CN={050FD447-DD49-46FE-89FD-A1CA3327707E},CN=Policies,CN=System,DC=solomonedwards,DC=com;0]","0"
"Organizational Units","1","OU=Organizational Units,DC=solomonedwards,DC=com","1","Infonet Setup","False","True","False","[LDAP://CN={7C1088A6-0F24-45C8-9AD0-79C7E43A56C9},CN=Policies,CN=System,DC=solomonedwards,DC=com;0][LDAP://CN={050FD447-DD49-46FE-89FD-A1CA3327707E},CN=Policies,CN=System,DC=solomonedwards,DC=com;0]","0"
"System Users","2","OU=System Users,OU=Organizational Units,DC=solomonedwards,DC=com",,,,,"False","",""
"CBANK","3","OU=CBANK,OU=Project Based Accounts,OU=Organizational Units,DC=solomonedwards,DC=com",,,,,"False","",""
"SEG Servers","1","OU=SEG Servers,DC=solomonedwards,DC=com","1","Termial Services Settings","False","True","False","[LDAP://CN={0B05F119-F045-4E40-B70C-67F3D2672764},CN=Policies,CN=System,DC=solomonedwards,DC=com;0]","0"
"DrFirst","3","OU=DrFirst,OU=Project Based Accounts,OU=Organizational Units,DC=solomonedwards,DC=com",,,,,"False","",""
"Magellan Health","3","OU=Magellan Health,OU=Project Based Accounts,OU=Organizational Units,DC=solomonedwards,DC=com",,,,,"False","",""
"Blue Ridge Partners","3","OU=Blue Ridge Partners,OU=Project Based Accounts,OU=Organizational Units,DC=solomonedwards,DC=com",,,,,"False","",""
"Apple LG","3","OU=Apple LG,OU=Project Based Accounts,OU=Organizational Units,DC=solomonedwards,DC=com",,,,,"False","",""
"SolomonEdwardsGroup, LLC","2","OU=SolomonEdwardsGroup\, LLC,OU=Organizational Units,DC=solomonedwards,DC=com","4","Windows Update","False","True","False","[LDAP://cn={FC1E8C1A-796C-416D-B1F9-A419F0F1EEF9},cn=policies,cn=system,DC=solomonedwards,DC=com;0][LDAP://cn={00C0E09B-1859-4410-AB30-56949270119F},cn=policies,cn=system,DC=solomonedwards,DC=com;2][LDAP://CN={5B17CE02-7AF3-42F4-AD52-7F3E0F7EB32B},CN=Policies,CN=System,DC=solomonedwards,DC=com;0][LDAP://CN={9C7B9CBA-2482-4BED-B4EE-1D08A51950B1},CN=Policies,CN=System,DC=solomonedwards,DC=com;2]","0"
"SolomonEdwardsGroup, LLC","2","OU=SolomonEdwardsGroup\, LLC,OU=Organizational Units,DC=solomonedwards,DC=com","3","OfficeColorTheme","True","True","False","[LDAP://cn={FC1E8C1A-796C-416D-B1F9-A419F0F1EEF9},cn=policies,cn=system,DC=solomonedwards,DC=com;0][LDAP://cn={00C0E09B-1859-4410-AB30-56949270119F},cn=policies,cn=system,DC=solomonedwards,DC=com;2][LDAP://CN={5B17CE02-7AF3-42F4-AD52-7F3E0F7EB32B},CN=Policies,CN=System,DC=solomonedwards,DC=com;0][LDAP://CN={9C7B9CBA-2482-4BED-B4EE-1D08A51950B1},CN=Policies,CN=System,DC=solomonedwards,DC=com;2]","0"
"SolomonEdwardsGroup, LLC","2","OU=SolomonEdwardsGroup\, LLC,OU=Organizational Units,DC=solomonedwards,DC=com","2","TS03 Server IE access","False","True","False","[LDAP://cn={FC1E8C1A-796C-416D-B1F9-A419F0F1EEF9},cn=policies,cn=system,DC=solomonedwards,DC=com;0][LDAP://cn={00C0E09B-1859-4410-AB30-56949270119F},cn=policies,cn=system,DC=solomonedwards,DC=com;2][LDAP://CN={5B17CE02-7AF3-42F4-AD52-7F3E0F7EB32B},CN=Policies,CN=System,DC=solomonedwards,DC=com;0][LDAP://CN={9C7B9CBA-2482-4BED-B4EE-1D08A51950B1},CN=Policies,CN=System,DC=solomonedwards,DC=com;2]","0"
"SolomonEdwardsGroup, LLC","2","OU=SolomonEdwardsGroup\, LLC,OU=Organizational Units,DC=solomonedwards,DC=com","1","GPLogin","True","True","False","[LDAP://cn={FC1E8C1A-796C-416D-B1F9-A419F0F1EEF9},cn=policies,cn=system,DC=solomonedwards,DC=com;0][LDAP://cn={00C0E09B-1859-4410-AB30-56949270119F},cn=policies,cn=system,DC=solomonedwards,DC=com;2][LDAP://CN={5B17CE02-7AF3-42F4-AD52-7F3E0F7EB32B},CN=Policies,CN=System,DC=solomonedwards,DC=com;0][LDAP://CN={9C7B9CBA-2482-4BED-B4EE-1D08A51950B1},CN=Policies,CN=System,DC=solomonedwards,DC=com;2]","0"
"ADFS","2","OU=ADFS,OU=SEG Servers,DC=solomonedwards,DC=com",,,,,"True"," ","1"
"PA - King of Prussia","3","OU=PA - King of Prussia,OU=SolomonEdwardsGroup\, LLC,OU=Organizational Units,DC=solomonedwards,DC=com",,,,,"False","",""
"Avantor","3","OU=Avantor,OU=Project Based Accounts,OU=Organizational Units,DC=solomonedwards,DC=com",,,,,"False","",""
"Corporate Services","4","OU=Corporate Services,OU=PA - King of Prussia,OU=SolomonEdwardsGroup\, LLC,OU=Organizational Units,DC=solomonedwards,DC=com",,,,,"False","",""
"Cancer Genetics","3","OU=Cancer Genetics,OU=Project Based Accounts,OU=Organizational Units,DC=solomonedwards,DC=com",,,,,"False","",""
"Hawc","3","OU=Hawc,OU=Project Based Accounts,OU=Organizational Units,DC=solomonedwards,DC=com",,,,,"False","",""
"Netskope","6","OU=Netskope,OU=I.T. Services,OU=Corporate Services,OU=PA - King of Prussia,OU=SolomonEdwardsGroup\, LLC,OU=Organizational Units,DC=solomonedwards,DC=com",,,,,"False","",""
"I.T. Services","5","OU=I.T. Services,OU=Corporate Services,OU=PA - King of Prussia,OU=SolomonEdwardsGroup\, LLC,OU=Organizational Units,DC=solomonedwards,DC=com","2","Print Add Test","False","True","False","[LDAP://CN={62EEEB76-5F25-4DD0-B452-D8100263CE59},CN=Policies,CN=System,DC=solomonedwards,DC=com;0][LDAP://CN={24A25BFD-7175-40CD-BE80-833A0E0A694A},CN=Policies,CN=System,DC=solomonedwards,DC=com;0]","0"
"I.T. Services","5","OU=I.T. Services,OU=Corporate Services,OU=PA - King of Prussia,OU=SolomonEdwardsGroup\, LLC,OU=Organizational Units,DC=solomonedwards,DC=com","1","Delete Roaming Profiles","False","True","False","[LDAP://CN={62EEEB76-5F25-4DD0-B452-D8100263CE59},CN=Policies,CN=System,DC=solomonedwards,DC=com;0][LDAP://CN={24A25BFD-7175-40CD-BE80-833A0E0A694A},CN=Policies,CN=System,DC=solomonedwards,DC=com;0]","0"
"ERA","3","OU=ERA,OU=Project Based Accounts,OU=Organizational Units,DC=solomonedwards,DC=com",,,,,"False","",""
"Service Accounts","1","OU=Service Accounts,DC=solomonedwards,DC=com",,,,,"True"," ","1"
"FlowServe","3","OU=FlowServe,OU=Project Based Accounts,OU=Organizational Units,DC=solomonedwards,DC=com",,,,,"False","",""
"Domain Controllers","1","OU=Domain Controllers,DC=solomonedwards,DC=com","1","Default Domain Controllers Policy","False","True","False","[LDAP://CN={6AC1786C-016F-11D2-945F-00C04fB984F9},CN=Policies,CN=System,DC=solomonedwards,DC=com;0]",""
"FlowServe Contacts","4","OU=FlowServe Contacts,OU=FlowServe,OU=Project Based Accounts,OU=Organizational Units,DC=solomonedwards,DC=com",,,,,"False","",""
"TX - Houston","3","OU=TX - Houston,OU=SolomonEdwardsGroup\, LLC,OU=Organizational Units,DC=solomonedwards,DC=com",,,,,"False","",""
"LGM","3","OU=LGM,OU=Project Based Accounts,OU=Organizational Units,DC=solomonedwards,DC=com",,,,,"False","",""
"Consulting","4","OU=Consulting,OU=TX - Houston,OU=SolomonEdwardsGroup\, LLC,OU=Organizational Units,DC=solomonedwards,DC=com",,,,,"False","",""
"Inova","3","OU=Inova,OU=Project Based Accounts,OU=Organizational Units,DC=solomonedwards,DC=com",,,,,"False","",""
"FTE Consultants","5","OU=FTE Consultants,OU=Consulting,OU=TX - Houston,OU=SolomonEdwardsGroup\, LLC,OU=Organizational Units,DC=solomonedwards,DC=com",,,,,"False","",""
"Rand Logistics","3","OU=Rand Logistics,OU=Project Based Accounts,OU=Organizational Units,DC=solomonedwards,DC=com",,,,,"False","",""
"- Corporate Executives","3","OU=- Corporate Executives,OU=SolomonEdwardsGroup\, LLC,OU=Organizational Units,DC=solomonedwards,DC=com",,,,,"False","",""
"Phoenix Services","3","OU=Phoenix Services,OU=Project Based Accounts,OU=Organizational Units,DC=solomonedwards,DC=com",,,,,"False","",""
"Rapidscale","1","OU=Rapidscale,DC=solomonedwards,DC=com",,,,,"True"," ","1"
"Renpure","3","OU=Renpure,OU=Project Based Accounts,OU=Organizational Units,DC=solomonedwards,DC=com",,,,,"False","",""
"Service Accounts","2","OU=Service Accounts,OU=Rapidscale,DC=solomonedwards,DC=com",,,,,"False","",""
"test","3","OU=test,OU=SolomonEdwardsGroup\, LLC,OU=Organizational Units,DC=solomonedwards,DC=com","1","MSEdge","False","True","False","[LDAP://cn={E39CD0E3-1784-4734-9C9B-173E33E1B344},cn=policies,cn=system,DC=solomonedwards,DC=com;0]",""
"Z - Company Groups","3","OU=Z - Company Groups,OU=SolomonEdwardsGroup\, LLC,OU=Organizational Units,DC=solomonedwards,DC=com","1","GPLogin","False","True","False","[LDAP://CN={9C7B9CBA-2482-4BED-B4EE-1D08A51950B1},CN=Policies,CN=System,DC=solomonedwards,DC=com;0]","0"
"Allowed Vendors","2","OU=Allowed Vendors,OU=Organizational Units,DC=solomonedwards,DC=com",,,,,"False","",""
"1803 test","2","OU=1803 test,OU=Domain Controllers,DC=solomonedwards,DC=com","1","Windows 1803 WO","False","True","False","[LDAP://cn={CAE0F1FC-EB52-43C8-83DC-4A90531DC2B5},cn=policies,cn=system,DC=solomonedwards,DC=com;0]",""
"SP_Accounts","2","OU=SP_Accounts,OU=Service Accounts,DC=solomonedwards,DC=com",,,,,"False","",""
"Press Ganey","3","OU=Press Ganey,OU=Project Based Accounts,OU=Organizational Units,DC=solomonedwards,DC=com",,,,,"False","",""
"Servers","2","OU=Servers,OU=Rapidscale,DC=solomonedwards,DC=com",,,,,"False","",""
"Berkadia","3","OU=Berkadia,OU=Project Based Accounts,OU=Organizational Units,DC=solomonedwards,DC=com",,,,,"False","",""
"ExtraTeam Users","2","OU=ExtraTeam Users,OU=Organizational Units,DC=solomonedwards,DC=com",,,,,"False","",""
"Anexinet","3","OU=Anexinet,OU=Project Based Accounts,OU=Organizational Units,DC=solomonedwards,DC=com",,,,,"False","",""
"Project Consultants","5","OU=Project Consultants,OU=Consulting,OU=TX - Houston,OU=SolomonEdwardsGroup\, LLC,OU=Organizational Units,DC=solomonedwards,DC=com","1","SEGConultantWebsite ","True","True","False","[LDAP://cn={1360A23E-E9AE-41A8-A310-A6CAE04F4016},cn=policies,cn=system,DC=solomonedwards,DC=com;2]",""
"National Cooperative Bank","3","OU=National Cooperative Bank,OU=Project Based Accounts,OU=Organizational Units,DC=solomonedwards,DC=com",,,,,"False","",""
"Fidelis","3","OU=Fidelis,OU=Project Based Accounts,OU=Organizational Units,DC=solomonedwards,DC=com",,,,,"False","",""
"SF - Msquared","3","OU=SF - Msquared,OU=SolomonEdwardsGroup\, LLC,OU=Organizational Units,DC=solomonedwards,DC=com","1","OfficeColorTheme","True","True","False","[LDAP://cn={00C0E09B-1859-4410-AB30-56949270119F},cn=policies,cn=system,DC=solomonedwards,DC=com;2]",""
"SF - Consultants","4","OU=SF - Consultants,OU=SF - Msquared,OU=SolomonEdwardsGroup\, LLC,OU=Organizational Units,DC=solomonedwards,DC=com","1","SFConultantWebsite ","False","True","False","[LDAP://cn={A0FA551E-6392-4614-B7AF-DFB86E65AB25},cn=policies,cn=system,DC=solomonedwards,DC=com;0]",""
"Ex-Employees","2","OU=Ex-Employees,OU=Organizational Units,DC=solomonedwards,DC=com","2","{7F1C33CC-7D69-4D78-8356-310F6E580951}","False","True","False","[LDAP://CN={7F1C33CC-7D69-4D78-8356-310F6E580951},CN=Policies,CN=System,DC=solomonedwards,DC=com;0][LDAP://CN={D41CCCF1-AA09-4535-B573-EFD5DAFE5BA9},CN=Policies,CN=System,DC=solomonedwards,DC=com;0]","0"
"Ex-Employees","2","OU=Ex-Employees,OU=Organizational Units,DC=solomonedwards,DC=com","1","Limited IE Usage","False","True","False","[LDAP://CN={7F1C33CC-7D69-4D78-8356-310F6E580951},CN=Policies,CN=System,DC=solomonedwards,DC=com;0][LDAP://CN={D41CCCF1-AA09-4535-B573-EFD5DAFE5BA9},CN=Policies,CN=System,DC=solomonedwards,DC=com;0]","0"
"Workstations","2","OU=Workstations,OU=_Migration from Msquared to SolomonEdwards,DC=solomonedwards,DC=com",,,,,"False","",""
"Servers","2","OU=Servers,OU=_Migration from Msquared to SolomonEdwards,DC=solomonedwards,DC=com",,,,,"False","",""
"Legacy M2 Groups","5","OU=Legacy M2 Groups,OU=z - Groups,OU=SF - Msquared,OU=SolomonEdwardsGroup\, LLC,OU=Organizational Units,DC=solomonedwards,DC=com",,,,,"False","",""
"PHL","2","OU=PHL,OU=SEG Computers,DC=solomonedwards,DC=com",,,,,"False","",""
"Fleet Logistics","3","OU=Fleet Logistics,OU=Project Based Accounts,OU=Organizational Units,DC=solomonedwards,DC=com",,,,,"False","",""
"US Pack","3","OU=US Pack,OU=Project Based Accounts,OU=Organizational Units,DC=solomonedwards,DC=com",,,,,"False","",""
"HR","3","OU=HR,OU=PHL,OU=SEG Computers,DC=solomonedwards,DC=com","1","ComputerLockDown","False","True","False","[LDAP://cn={7D8C37F2-03C8-49FA-82EC-ADF61A010DB9},cn=policies,cn=system,DC=solomonedwards,DC=com;0]",""
"LiveAction Inc","3","OU=LiveAction Inc,OU=Project Based Accounts,OU=Organizational Units,DC=solomonedwards,DC=com",,,,,"False","",""
"Solomon Edwards VDIs","1","OU=Solomon Edwards VDIs,DC=solomonedwards,DC=com",,,,,"False","",""
"M3","4","OU=M3,OU=MSquared Contacts,OU=Project Based Accounts,OU=Organizational Units,DC=solomonedwards,DC=com",,,,,"False","",""
"M3","3","OU=M3,OU=Project Based Accounts,OU=Organizational Units,DC=solomonedwards,DC=com",,,,,"False","",""
"OTC Mirion","3","OU=OTC Mirion,OU=Project Based Accounts,OU=Organizational Units,DC=solomonedwards,DC=com",,,,,"False","",""
"Testy1","2","OU=Testy1,OU=TestUsers,DC=solomonedwards,DC=com","3","Disable Windows Updates","False","True","False","[LDAP://cn={EAEFF5A0-604F-4215-83F0-86722C9C6C3A},cn=policies,cn=system,DC=solomonedwards,DC=com;0][LDAP://cn={B334D1FF-83E6-4E60-877E-4796F562A8E6},cn=policies,cn=system,DC=solomonedwards,DC=com;0][LDAP://cn={7D8C37F2-03C8-49FA-82EC-ADF61A010DB9},cn=policies,cn=system,DC=solomonedwards,DC=com;1]",""
"Testy1","2","OU=Testy1,OU=TestUsers,DC=solomonedwards,DC=com","2","Mapping Accounting Share","False","True","False","[LDAP://cn={EAEFF5A0-604F-4215-83F0-86722C9C6C3A},cn=policies,cn=system,DC=solomonedwards,DC=com;0][LDAP://cn={B334D1FF-83E6-4E60-877E-4796F562A8E6},cn=policies,cn=system,DC=solomonedwards,DC=com;0][LDAP://cn={7D8C37F2-03C8-49FA-82EC-ADF61A010DB9},cn=policies,cn=system,DC=solomonedwards,DC=com;1]",""
"Testy1","2","OU=Testy1,OU=TestUsers,DC=solomonedwards,DC=com","1","ComputerLockDown","False","False","False","[LDAP://cn={EAEFF5A0-604F-4215-83F0-86722C9C6C3A},cn=policies,cn=system,DC=solomonedwards,DC=com;0][LDAP://cn={B334D1FF-83E6-4E60-877E-4796F562A8E6},cn=policies,cn=system,DC=solomonedwards,DC=com;0][LDAP://cn={7D8C37F2-03C8-49FA-82EC-ADF61A010DB9},cn=policies,cn=system,DC=solomonedwards,DC=com;1]",""
"Tenrox Testing","6","OU=Tenrox Testing,OU=I.T. Services,OU=Corporate Services,OU=PA - King of Prussia,OU=SolomonEdwardsGroup\, LLC,OU=Organizational Units,DC=solomonedwards,DC=com",,,,,"False","",""
"Msquared Consulting","3","OU=Msquared Consulting,OU=Project Based Accounts,OU=Organizational Units,DC=solomonedwards,DC=com",,,,,"False","",""
"Cardtronics","3","OU=Cardtronics,OU=Project Based Accounts,OU=Organizational Units,DC=solomonedwards,DC=com",,,,,"False","",""
"Project Consultants","5","OU=Project Consultants,OU=Consulting,OU=DC - Vienna,OU=SolomonEdwardsGroup\, LLC,OU=Organizational Units,DC=solomonedwards,DC=com","1","SEGConultantWebsite ","True","True","False","[LDAP://cn={1360A23E-E9AE-41A8-A310-A6CAE04F4016},cn=policies,cn=system,DC=solomonedwards,DC=com;2]",""
"test1","4","OU=test1,OU=SF - Msquared,OU=SolomonEdwardsGroup\, LLC,OU=Organizational Units,DC=solomonedwards,DC=com","1","SFConultantWebsite ","True","True","False","[LDAP://cn={A0FA551E-6392-4614-B7AF-DFB86E65AB25},cn=policies,cn=system,DC=solomonedwards,DC=com;2]",""
"Scanner","1","OU=Scanner,DC=solomonedwards,DC=com",,,,,"True"," ","1"
"Stanford","3","OU=Stanford,OU=Sharepoint Groups,OU=Organizational Units,DC=solomonedwards,DC=com",,,,,"False","",""
"VWR","3","OU=VWR,OU=Project Based Accounts,OU=Organizational Units,DC=solomonedwards,DC=com",,,,,"False","",""
"Stanford","3","OU=Stanford,OU=Project Based Accounts,OU=Organizational Units,DC=solomonedwards,DC=com",,,,,"False","",""
"Okta Demo","2","OU=Okta Demo,OU=Organizational Units,DC=solomonedwards,DC=com",,,,,"False","",""
"Childcare Development Services","3","OU=Childcare Development Services,OU=Project Based Accounts,OU=Organizational Units,DC=solomonedwards,DC=com",,,,,"False","",""
"Admin Staff","4","OU=Admin Staff,OU=DC - Vienna,OU=SolomonEdwardsGroup\, LLC,OU=Organizational Units,DC=solomonedwards,DC=com",,,,,"False","",""
"CDS Auditor Files","4","OU=CDS Auditor Files,OU=Childcare Development Services,OU=Project Based Accounts,OU=Organizational Units,DC=solomonedwards,DC=com",,,,,"False","",""
"PenFed","3","OU=PenFed,OU=Project Based Accounts,OU=Organizational Units,DC=solomonedwards,DC=com",,,,,"False","",""
"Access Groups","2","OU=Access Groups,OU=Rapidscale,DC=solomonedwards,DC=com",,,,,"False","",""
"Sharepoint","2","OU=Sharepoint,OU=SEG Servers,DC=solomonedwards,DC=com",,,,,"True"," ","1"
"Intel","3","OU=Intel,OU=Project Based Accounts,OU=Organizational Units,DC=solomonedwards,DC=com",,,,,"False","",""
"FTE Consultants","5","OU=FTE Consultants,OU=Consulting,OU=DC - Vienna,OU=SolomonEdwardsGroup\, LLC,OU=Organizational Units,DC=solomonedwards,DC=com",,,,,"False"," ",""
"motiva","3","OU=motiva,OU=Project Based Accounts,OU=Organizational Units,DC=solomonedwards,DC=com",,,,,"False","",""
"NE Bank of GA LoShare (Don't Delete Alonso uses qrtly)","3","OU=NE Bank of GA LoShare (Don't Delete Alonso uses qrtly),OU=Project Based Accounts,OU=Organizational Units,DC=solomonedwards,DC=com",,,,,"False","",""
"Core","3","OU=Core,OU=Allowed Vendors,OU=Organizational Units,DC=solomonedwards,DC=com",,,,,"False","",""
"Office365_Pilot","2","OU=Office365_Pilot,OU=Organizational Units,DC=solomonedwards,DC=com",,,,,"False","",""
"Admin Staff","4","OU=Admin Staff,OU=GA - Atlanta,OU=SolomonEdwardsGroup\, LLC,OU=Organizational Units,DC=solomonedwards,DC=com",,,,,"False","",""
"Perm Recruiters","4","OU=Perm Recruiters,OU=GA - Atlanta,OU=SolomonEdwardsGroup\, LLC,OU=Organizational Units,DC=solomonedwards,DC=com",,,,,"False","",""
"Admin Staff","4","OU=Admin Staff,OU=ILL - Chicago,OU=SolomonEdwardsGroup\, LLC,OU=Organizational Units,DC=solomonedwards,DC=com",,,,,"False","",""
"Perm Recruiters","4","OU=Perm Recruiters,OU=ILL - Chicago,OU=SolomonEdwardsGroup\, LLC,OU=Organizational Units,DC=solomonedwards,DC=com",,,,,"False","",""
"XenDesktop","3","OU=XenDesktop,OU=Servers,OU=Rapidscale,DC=solomonedwards,DC=com","11","N-AbleMonitoring_Install","False","True","False","[LDAP://cn={effe7c20-167d-4b35-a0aa-35e824cbb6f4},cn=policies,cn=system,DC=solomonedwards,DC=com;0][LDAP://cn={B65D0BAD-F897-4564-A0CB-A2E256230CF8},cn=policies,cn=system,DC=solomonedwards,DC=com;0][LDAP://cn={F88CAB22-65B1-4C31-9D7D-923D23D41012},cn=policies,cn=system,DC=solomonedwards,DC=com;0][LDAP://cn={CCAA071E-2A5C-4EBA-87DB-12B64060EF97},cn=policies,cn=system,DC=solomonedwards,DC=com;0][LDAP://cn={7C9DC804-CA54-443B-A0F0-B990525C3015},cn=policies,cn=system,DC=solomonedwards,DC=com;0][LDAP://cn={7A0A5B01-60DD-4310-8651-997BA90525D3},cn=policies,cn=system,DC=solomonedwards,DC=com;0][LDAP://cn={F938D816-0410-422D-9E79-106F58C7A8A5},cn=policies,cn=system,DC=solomonedwards,DC=com;0][LDAP://cn={AFAFF2AE-C34F-46F5-A09E-D519E3E95C7F},cn=policies,cn=system,DC=solomonedwards,DC=com;0][LDAP://cn={704A9657-FEDF-4F09-B34F-EBD6D17F478E},cn=policies,cn=system,DC=solomonedwards,DC=com;0][LDAP://cn={634DC8AA-3B4E-40C3-BBCD-A291BC9A0A67},cn=policies,cn=system,DC=solomonedwards,DC=com;0][LDAP://cn={CC3D7B55-C1DF-46F8-8FD4-5F0AA1A35194},cn=policies,cn=system,DC=solomonedwards,DC=com;0]",""
"XenDesktop","3","OU=XenDesktop,OU=Servers,OU=Rapidscale,DC=solomonedwards,DC=com","10","Citrix Desktop Folder MyDocs","False","True","False","[LDAP://cn={effe7c20-167d-4b35-a0aa-35e824cbb6f4},cn=policies,cn=system,DC=solomonedwards,DC=com;0][LDAP://cn={B65D0BAD-F897-4564-A0CB-A2E256230CF8},cn=policies,cn=system,DC=solomonedwards,DC=com;0][LDAP://cn={F88CAB22-65B1-4C31-9D7D-923D23D41012},cn=policies,cn=system,DC=solomonedwards,DC=com;0][LDAP://cn={CCAA071E-2A5C-4EBA-87DB-12B64060EF97},cn=policies,cn=system,DC=solomonedwards,DC=com;0][LDAP://cn={7C9DC804-CA54-443B-A0F0-B990525C3015},cn=policies,cn=system,DC=solomonedwards,DC=com;0][LDAP://cn={7A0A5B01-60DD-4310-8651-997BA90525D3},cn=policies,cn=system,DC=solomonedwards,DC=com;0][LDAP://cn={F938D816-0410-422D-9E79-106F58C7A8A5},cn=policies,cn=system,DC=solomonedwards,DC=com;0][LDAP://cn={AFAFF2AE-C34F-46F5-A09E-D519E3E95C7F},cn=policies,cn=system,DC=solomonedwards,DC=com;0][LDAP://cn={704A9657-FEDF-4F09-B34F-EBD6D17F478E},cn=policies,cn=system,DC=solomonedwards,DC=com;0][LDAP://cn={634DC8AA-3B4E-40C3-BBCD-A291BC9A0A67},cn=policies,cn=system,DC=solomonedwards,DC=com;0][LDAP://cn={CC3D7B55-C1DF-46F8-8FD4-5F0AA1A35194},cn=policies,cn=system,DC=solomonedwards,DC=com;0]",""
"XenDesktop","3","OU=XenDesktop,OU=Servers,OU=Rapidscale,DC=solomonedwards,DC=com","9","Citrix UPM","False","True","False","[LDAP://cn={effe7c20-167d-4b35-a0aa-35e824cbb6f4},cn=policies,cn=system,DC=solomonedwards,DC=com;0][LDAP://cn={B65D0BAD-F897-4564-A0CB-A2E256230CF8},cn=policies,cn=system,DC=solomonedwards,DC=com;0][LDAP://cn={F88CAB22-65B1-4C31-9D7D-923D23D41012},cn=policies,cn=system,DC=solomonedwards,DC=com;0][LDAP://cn={CCAA071E-2A5C-4EBA-87DB-12B64060EF97},cn=policies,cn=system,DC=solomonedwards,DC=com;0][LDAP://cn={7C9DC804-CA54-443B-A0F0-B990525C3015},cn=policies,cn=system,DC=solomonedwards,DC=com;0][LDAP://cn={7A0A5B01-60DD-4310-8651-997BA90525D3},cn=policies,cn=system,DC=solomonedwards,DC=com;0][LDAP://cn={F938D816-0410-422D-9E79-106F58C7A8A5},cn=policies,cn=system,DC=solomonedwards,DC=com;0][LDAP://cn={AFAFF2AE-C34F-46F5-A09E-D519E3E95C7F},cn=policies,cn=system,DC=solomonedwards,DC=com;0][LDAP://cn={704A9657-FEDF-4F09-B34F-EBD6D17F478E},cn=policies,cn=system,DC=solomonedwards,DC=com;0][LDAP://cn={634DC8AA-3B4E-40C3-BBCD-A291BC9A0A67},cn=policies,cn=system,DC=solomonedwards,DC=com;0][LDAP://cn={CC3D7B55-C1DF-46F8-8FD4-5F0AA1A35194},cn=policies,cn=system,DC=solomonedwards,DC=com;0]",""
"XenDesktop","3","OU=XenDesktop,OU=Servers,OU=Rapidscale,DC=solomonedwards,DC=com","8","Citrix TSRedirect","False","True","False","[LDAP://cn={effe7c20-167d-4b35-a0aa-35e824cbb6f4},cn=policies,cn=system,DC=solomonedwards,DC=com;0][LDAP://cn={B65D0BAD-F897-4564-A0CB-A2E256230CF8},cn=policies,cn=system,DC=solomonedwards,DC=com;0][LDAP://cn={F88CAB22-65B1-4C31-9D7D-923D23D41012},cn=policies,cn=system,DC=solomonedwards,DC=com;0][LDAP://cn={CCAA071E-2A5C-4EBA-87DB-12B64060EF97},cn=policies,cn=system,DC=solomonedwards,DC=com;0][LDAP://cn={7C9DC804-CA54-443B-A0F0-B990525C3015},cn=policies,cn=system,DC=solomonedwards,DC=com;0][LDAP://cn={7A0A5B01-60DD-4310-8651-997BA90525D3},cn=policies,cn=system,DC=solomonedwards,DC=com;0][LDAP://cn={F938D816-0410-422D-9E79-106F58C7A8A5},cn=policies,cn=system,DC=solomonedwards,DC=com;0][LDAP://cn={AFAFF2AE-C34F-46F5-A09E-D519E3E95C7F},cn=policies,cn=system,DC=solomonedwards,DC=com;0][LDAP://cn={704A9657-FEDF-4F09-B34F-EBD6D17F478E},cn=policies,cn=system,DC=solomonedwards,DC=com;0][LDAP://cn={634DC8AA-3B4E-40C3-BBCD-A291BC9A0A67},cn=policies,cn=system,DC=solomonedwards,DC=com;0][LDAP://cn={CC3D7B55-C1DF-46F8-8FD4-5F0AA1A35194},cn=policies,cn=system,DC=solomonedwards,DC=com;0]",""
"XenDesktop","3","OU=XenDesktop,OU=Servers,OU=Rapidscale,DC=solomonedwards,DC=com","7","Citrix Xendesktop Computer Settings","False","True","False","[LDAP://cn={effe7c20-167d-4b35-a0aa-35e824cbb6f4},cn=policies,cn=system,DC=solomonedwards,DC=com;0][LDAP://cn={B65D0BAD-F897-4564-A0CB-A2E256230CF8},cn=policies,cn=system,DC=solomonedwards,DC=com;0][LDAP://cn={F88CAB22-65B1-4C31-9D7D-923D23D41012},cn=policies,cn=system,DC=solomonedwards,DC=com;0][LDAP://cn={CCAA071E-2A5C-4EBA-87DB-12B64060EF97},cn=policies,cn=system,DC=solomonedwards,DC=com;0][LDAP://cn={7C9DC804-CA54-443B-A0F0-B990525C3015},cn=policies,cn=system,DC=solomonedwards,DC=com;0][LDAP://cn={7A0A5B01-60DD-4310-8651-997BA90525D3},cn=policies,cn=system,DC=solomonedwards,DC=com;0][LDAP://cn={F938D816-0410-422D-9E79-106F58C7A8A5},cn=policies,cn=system,DC=solomonedwards,DC=com;0][LDAP://cn={AFAFF2AE-C34F-46F5-A09E-D519E3E95C7F},cn=policies,cn=system,DC=solomonedwards,DC=com;0][LDAP://cn={704A9657-FEDF-4F09-B34F-EBD6D17F478E},cn=policies,cn=system,DC=solomonedwards,DC=com;0][LDAP://cn={634DC8AA-3B4E-40C3-BBCD-A291BC9A0A67},cn=policies,cn=system,DC=solomonedwards,DC=com;0][LDAP://cn={CC3D7B55-C1DF-46F8-8FD4-5F0AA1A35194},cn=policies,cn=system,DC=solomonedwards,DC=com;0]",""
"XenDesktop","3","OU=XenDesktop,OU=Servers,OU=Rapidscale,DC=solomonedwards,DC=com","6","Citrix VDA Non-Admin Users (lockdown)","False","True","False","[LDAP://cn={effe7c20-167d-4b35-a0aa-35e824cbb6f4},cn=policies,cn=system,DC=solomonedwards,DC=com;0][LDAP://cn={B65D0BAD-F897-4564-A0CB-A2E256230CF8},cn=policies,cn=system,DC=solomonedwards,DC=com;0][LDAP://cn={F88CAB22-65B1-4C31-9D7D-923D23D41012},cn=policies,cn=system,DC=solomonedwards,DC=com;0][LDAP://cn={CCAA071E-2A5C-4EBA-87DB-12B64060EF97},cn=policies,cn=system,DC=solomonedwards,DC=com;0][LDAP://cn={7C9DC804-CA54-443B-A0F0-B990525C3015},cn=policies,cn=system,DC=solomonedwards,DC=com;0][LDAP://cn={7A0A5B01-60DD-4310-8651-997BA90525D3},cn=policies,cn=system,DC=solomonedwards,DC=com;0][LDAP://cn={F938D816-0410-422D-9E79-106F58C7A8A5},cn=policies,cn=system,DC=solomonedwards,DC=com;0][LDAP://cn={AFAFF2AE-C34F-46F5-A09E-D519E3E95C7F},cn=policies,cn=system,DC=solomonedwards,DC=com;0][LDAP://cn={704A9657-FEDF-4F09-B34F-EBD6D17F478E},cn=policies,cn=system,DC=solomonedwards,DC=com;0][LDAP://cn={634DC8AA-3B4E-40C3-BBCD-A291BC9A0A67},cn=policies,cn=system,DC=solomonedwards,DC=com;0][LDAP://cn={CC3D7B55-C1DF-46F8-8FD4-5F0AA1A35194},cn=policies,cn=system,DC=solomonedwards,DC=com;0]",""
"XenDesktop","3","OU=XenDesktop,OU=Servers,OU=Rapidscale,DC=solomonedwards,DC=com","5","Citrix VDA All Users (including admins)","False","True","False","[LDAP://cn={effe7c20-167d-4b35-a0aa-35e824cbb6f4},cn=policies,cn=system,DC=solomonedwards,DC=com;0][LDAP://cn={B65D0BAD-F897-4564-A0CB-A2E256230CF8},cn=policies,cn=system,DC=solomonedwards,DC=com;0][LDAP://cn={F88CAB22-65B1-4C31-9D7D-923D23D41012},cn=policies,cn=system,DC=solomonedwards,DC=com;0][LDAP://cn={CCAA071E-2A5C-4EBA-87DB-12B64060EF97},cn=policies,cn=system,DC=solomonedwards,DC=com;0][LDAP://cn={7C9DC804-CA54-443B-A0F0-B990525C3015},cn=policies,cn=system,DC=solomonedwards,DC=com;0][LDAP://cn={7A0A5B01-60DD-4310-8651-997BA90525D3},cn=policies,cn=system,DC=solomonedwards,DC=com;0][LDAP://cn={F938D816-0410-422D-9E79-106F58C7A8A5},cn=policies,cn=system,DC=solomonedwards,DC=com;0][LDAP://cn={AFAFF2AE-C34F-46F5-A09E-D519E3E95C7F},cn=policies,cn=system,DC=solomonedwards,DC=com;0][LDAP://cn={704A9657-FEDF-4F09-B34F-EBD6D17F478E},cn=policies,cn=system,DC=solomonedwards,DC=com;0][LDAP://cn={634DC8AA-3B4E-40C3-BBCD-A291BC9A0A67},cn=policies,cn=system,DC=solomonedwards,DC=com;0][LDAP://cn={CC3D7B55-C1DF-46F8-8FD4-5F0AA1A35194},cn=policies,cn=system,DC=solomonedwards,DC=com;0]",""
"XenDesktop","3","OU=XenDesktop,OU=Servers,OU=Rapidscale,DC=solomonedwards,DC=com","4","Citrix Adobe Customizations","False","True","False","[LDAP://cn={effe7c20-167d-4b35-a0aa-35e824cbb6f4},cn=policies,cn=system,DC=solomonedwards,DC=com;0][LDAP://cn={B65D0BAD-F897-4564-A0CB-A2E256230CF8},cn=policies,cn=system,DC=solomonedwards,DC=com;0][LDAP://cn={F88CAB22-65B1-4C31-9D7D-923D23D41012},cn=policies,cn=system,DC=solomonedwards,DC=com;0][LDAP://cn={CCAA071E-2A5C-4EBA-87DB-12B64060EF97},cn=policies,cn=system,DC=solomonedwards,DC=com;0][LDAP://cn={7C9DC804-CA54-443B-A0F0-B990525C3015},cn=policies,cn=system,DC=solomonedwards,DC=com;0][LDAP://cn={7A0A5B01-60DD-4310-8651-997BA90525D3},cn=policies,cn=system,DC=solomonedwards,DC=com;0][LDAP://cn={F938D816-0410-422D-9E79-106F58C7A8A5},cn=policies,cn=system,DC=solomonedwards,DC=com;0][LDAP://cn={AFAFF2AE-C34F-46F5-A09E-D519E3E95C7F},cn=policies,cn=system,DC=solomonedwards,DC=com;0][LDAP://cn={704A9657-FEDF-4F09-B34F-EBD6D17F478E},cn=policies,cn=system,DC=solomonedwards,DC=com;0][LDAP://cn={634DC8AA-3B4E-40C3-BBCD-A291BC9A0A67},cn=policies,cn=system,DC=solomonedwards,DC=com;0][LDAP://cn={CC3D7B55-C1DF-46F8-8FD4-5F0AA1A35194},cn=policies,cn=system,DC=solomonedwards,DC=com;0]",""
"XenDesktop","3","OU=XenDesktop,OU=Servers,OU=Rapidscale,DC=solomonedwards,DC=com","3","Citrix Office 2016 Optimization","False","True","False","[LDAP://cn={effe7c20-167d-4b35-a0aa-35e824cbb6f4},cn=policies,cn=system,DC=solomonedwards,DC=com;0][LDAP://cn={B65D0BAD-F897-4564-A0CB-A2E256230CF8},cn=policies,cn=system,DC=solomonedwards,DC=com;0][LDAP://cn={F88CAB22-65B1-4C31-9D7D-923D23D41012},cn=policies,cn=system,DC=solomonedwards,DC=com;0][LDAP://cn={CCAA071E-2A5C-4EBA-87DB-12B64060EF97},cn=policies,cn=system,DC=solomonedwards,DC=com;0][LDAP://cn={7C9DC804-CA54-443B-A0F0-B990525C3015},cn=policies,cn=system,DC=solomonedwards,DC=com;0][LDAP://cn={7A0A5B01-60DD-4310-8651-997BA90525D3},cn=policies,cn=system,DC=solomonedwards,DC=com;0][LDAP://cn={F938D816-0410-422D-9E79-106F58C7A8A5},cn=policies,cn=system,DC=solomonedwards,DC=com;0][LDAP://cn={AFAFF2AE-C34F-46F5-A09E-D519E3E95C7F},cn=policies,cn=system,DC=solomonedwards,DC=com;0][LDAP://cn={704A9657-FEDF-4F09-B34F-EBD6D17F478E},cn=policies,cn=system,DC=solomonedwards,DC=com;0][LDAP://cn={634DC8AA-3B4E-40C3-BBCD-A291BC9A0A67},cn=policies,cn=system,DC=solomonedwards,DC=com;0][LDAP://cn={CC3D7B55-C1DF-46F8-8FD4-5F0AA1A35194},cn=policies,cn=system,DC=solomonedwards,DC=com;0]",""
"XenDesktop","3","OU=XenDesktop,OU=Servers,OU=Rapidscale,DC=solomonedwards,DC=com","2","Citrix VDA Computer Settings","False","True","False","[LDAP://cn={effe7c20-167d-4b35-a0aa-35e824cbb6f4},cn=policies,cn=system,DC=solomonedwards,DC=com;0][LDAP://cn={B65D0BAD-F897-4564-A0CB-A2E256230CF8},cn=policies,cn=system,DC=solomonedwards,DC=com;0][LDAP://cn={F88CAB22-65B1-4C31-9D7D-923D23D41012},cn=policies,cn=system,DC=solomonedwards,DC=com;0][LDAP://cn={CCAA071E-2A5C-4EBA-87DB-12B64060EF97},cn=policies,cn=system,DC=solomonedwards,DC=com;0][LDAP://cn={7C9DC804-CA54-443B-A0F0-B990525C3015},cn=policies,cn=system,DC=solomonedwards,DC=com;0][LDAP://cn={7A0A5B01-60DD-4310-8651-997BA90525D3},cn=policies,cn=system,DC=solomonedwards,DC=com;0][LDAP://cn={F938D816-0410-422D-9E79-106F58C7A8A5},cn=policies,cn=system,DC=solomonedwards,DC=com;0][LDAP://cn={AFAFF2AE-C34F-46F5-A09E-D519E3E95C7F},cn=policies,cn=system,DC=solomonedwards,DC=com;0][LDAP://cn={704A9657-FEDF-4F09-B34F-EBD6D17F478E},cn=policies,cn=system,DC=solomonedwards,DC=com;0][LDAP://cn={634DC8AA-3B4E-40C3-BBCD-A291BC9A0A67},cn=policies,cn=system,DC=solomonedwards,DC=com;0][LDAP://cn={CC3D7B55-C1DF-46F8-8FD4-5F0AA1A35194},cn=policies,cn=system,DC=solomonedwards,DC=com;0]",""
"XenDesktop","3","OU=XenDesktop,OU=Servers,OU=Rapidscale,DC=solomonedwards,DC=com","1","Citrix Delete Timebomb","False","True","False","[LDAP://cn={effe7c20-167d-4b35-a0aa-35e824cbb6f4},cn=policies,cn=system,DC=solomonedwards,DC=com;0][LDAP://cn={B65D0BAD-F897-4564-A0CB-A2E256230CF8},cn=policies,cn=system,DC=solomonedwards,DC=com;0][LDAP://cn={F88CAB22-65B1-4C31-9D7D-923D23D41012},cn=policies,cn=system,DC=solomonedwards,DC=com;0][LDAP://cn={CCAA071E-2A5C-4EBA-87DB-12B64060EF97},cn=policies,cn=system,DC=solomonedwards,DC=com;0][LDAP://cn={7C9DC804-CA54-443B-A0F0-B990525C3015},cn=policies,cn=system,DC=solomonedwards,DC=com;0][LDAP://cn={7A0A5B01-60DD-4310-8651-997BA90525D3},cn=policies,cn=system,DC=solomonedwards,DC=com;0][LDAP://cn={F938D816-0410-422D-9E79-106F58C7A8A5},cn=policies,cn=system,DC=solomonedwards,DC=com;0][LDAP://cn={AFAFF2AE-C34F-46F5-A09E-D519E3E95C7F},cn=policies,cn=system,DC=solomonedwards,DC=com;0][LDAP://cn={704A9657-FEDF-4F09-B34F-EBD6D17F478E},cn=policies,cn=system,DC=solomonedwards,DC=com;0][LDAP://cn={634DC8AA-3B4E-40C3-BBCD-A291BC9A0A67},cn=policies,cn=system,DC=solomonedwards,DC=com;0][LDAP://cn={CC3D7B55-C1DF-46F8-8FD4-5F0AA1A35194},cn=policies,cn=system,DC=solomonedwards,DC=com;0]",""
"SessionHosts","4","OU=SessionHosts,OU=XenDesktop,OU=Servers,OU=Rapidscale,DC=solomonedwards,DC=com","1","RS_Citrix Graceful Logoff","False","True","False","[LDAP://cn={052582F5-BD5D-4BC6-8A67-79C31BE3AD01},cn=policies,cn=system,DC=solomonedwards,DC=com;0]",""
"BulkUserImport","2","OU=BulkUserImport,OU=TestUsers,DC=solomonedwards,DC=com",,,,,"False","",""
"Quad","1","OU=Quad,DC=solomonedwards,DC=com",,,,,"False","",""
"Consulting","4","OU=Consulting,OU=PA - King of Prussia,OU=SolomonEdwardsGroup\, LLC,OU=Organizational Units,DC=solomonedwards,DC=com",,,,,"False","",""
"QuadGroups","2","OU=QuadGroups,OU=Quad,DC=solomonedwards,DC=com",,,,,"False","",""
"Quad Desktops","2","OU=Quad Desktops,OU=Quad,DC=solomonedwards,DC=com",,,,,"False","",""
"Interim Consultants","5","OU=Interim Consultants,OU=Consulting,OU=PA - King of Prussia,OU=SolomonEdwardsGroup\, LLC,OU=Organizational Units,DC=solomonedwards,DC=com",,,,,"False","",""
"Quad","3","OU=Quad,OU=Ex-Employees,OU=Organizational Units,DC=solomonedwards,DC=com",,,,,"False","",""
"PHL Interim","6","OU=PHL Interim,OU=Interim Consultants,OU=Consulting,OU=PA - King of Prussia,OU=SolomonEdwardsGroup\, LLC,OU=Organizational Units,DC=solomonedwards,DC=com",,,,,"False","",""
"Ed's Special Project","4","OU=Ed's Special Project,OU=- Corporate Executives,OU=SolomonEdwardsGroup\, LLC,OU=Organizational Units,DC=solomonedwards,DC=com",,,,,"False","",""
"Banking","4","OU=Banking,OU=TX - Houston,OU=SolomonEdwardsGroup\, LLC,OU=Organizational Units,DC=solomonedwards,DC=com",,,,,"False","",""
"bball group","4","OU=bball group,OU=- Corporate Executives,OU=SolomonEdwardsGroup\, LLC,OU=Organizational Units,DC=solomonedwards,DC=com",,,,,"False","",""
"Project Consultants","5","OU=Project Consultants,OU=Banking,OU=TX - Houston,OU=SolomonEdwardsGroup\, LLC,OU=Organizational Units,DC=solomonedwards,DC=com","1","SEGConultantWebsite ","False","True","False","[LDAP://cn={1360A23E-E9AE-41A8-A310-A6CAE04F4016},cn=policies,cn=system,DC=solomonedwards,DC=com;0]",""
"Repoint","3","OU=Repoint,OU=Allowed Vendors,OU=Organizational Units,DC=solomonedwards,DC=com",,,,,"False","",""
"QUAD Interim","6","OU=QUAD Interim,OU=Interim Consultants,OU=Consulting,OU=PA - King of Prussia,OU=SolomonEdwardsGroup\, LLC,OU=Organizational Units,DC=solomonedwards,DC=com",,,,,"False","",""
"Azure","2","OU=Azure,OU=Organizational Units,DC=solomonedwards,DC=com",,,,,"False","",""
"SF - Collabrus","4","OU=SF - Collabrus,OU=SF - Msquared,OU=SolomonEdwardsGroup\, LLC,OU=Organizational Units,DC=solomonedwards,DC=com",,,,,"False","",""
"SF-SEG-consultants","4","OU=SF-SEG-consultants,OU=SF - Msquared,OU=SolomonEdwardsGroup\, LLC,OU=Organizational Units,DC=solomonedwards,DC=com",,,,,"False","",""
"Project Consultants","5","OU=Project Consultants,OU=Consulting,OU=PA - King of Prussia,OU=SolomonEdwardsGroup\, LLC,OU=Organizational Units,DC=solomonedwards,DC=com","1","SEGConultantWebsite ","True","True","False","[LDAP://cn={1360A23E-E9AE-41A8-A310-A6CAE04F4016},cn=policies,cn=system,DC=solomonedwards,DC=com;2]",""
"ILL - Chicago","3","OU=ILL - Chicago,OU=SolomonEdwardsGroup\, LLC,OU=Organizational Units,DC=solomonedwards,DC=com",,,,,"False","",""
"Perm Recruiters","4","OU=Perm Recruiters,OU=NJ - New Jersey,OU=SolomonEdwardsGroup\, LLC,OU=Organizational Units,DC=solomonedwards,DC=com",,,,,"False","",""
"Consulting","4","OU=Consulting,OU=ILL - Chicago,OU=SolomonEdwardsGroup\, LLC,OU=Organizational Units,DC=solomonedwards,DC=com",,,,,"False","",""
"Temp Recruiters","4","OU=Temp Recruiters,OU=NJ - New Jersey,OU=SolomonEdwardsGroup\, LLC,OU=Organizational Units,DC=solomonedwards,DC=com",,,,,"False","",""
"Project Consultants","5","OU=Project Consultants,OU=Consulting,OU=ILL - Chicago,OU=SolomonEdwardsGroup\, LLC,OU=Organizational Units,DC=solomonedwards,DC=com","1","SEGConultantWebsite ","True","True","False","[LDAP://cn={1360A23E-E9AE-41A8-A310-A6CAE04F4016},cn=policies,cn=system,DC=solomonedwards,DC=com;2]",""
"Admin Staff","4","OU=Admin Staff,OU=NY - New York,OU=SolomonEdwardsGroup\, LLC,OU=Organizational Units,DC=solomonedwards,DC=com",,,,,"False","",""
"FTE Consultants","5","OU=FTE Consultants,OU=Consulting,OU=ILL - Chicago,OU=SolomonEdwardsGroup\, LLC,OU=Organizational Units,DC=solomonedwards,DC=com",,,,,"False","",""
"Perm Recruiters","4","OU=Perm Recruiters,OU=NY - New York,OU=SolomonEdwardsGroup\, LLC,OU=Organizational Units,DC=solomonedwards,DC=com",,,,,"False","",""
"TX - Dallas","3","OU=TX - Dallas,OU=SolomonEdwardsGroup\, LLC,OU=Organizational Units,DC=solomonedwards,DC=com",,,,,"False","",""
"Temp Recruiters","4","OU=Temp Recruiters,OU=NY - New York,OU=SolomonEdwardsGroup\, LLC,OU=Organizational Units,DC=solomonedwards,DC=com",,,,,"False","",""
"Admin Staff","4","OU=Admin Staff,OU=TX - Dallas,OU=SolomonEdwardsGroup\, LLC,OU=Organizational Units,DC=solomonedwards,DC=com",,,,,"False","",""
"Inner Office","5","OU=Inner Office,OU=Consulting,OU=GA - Atlanta,OU=SolomonEdwardsGroup\, LLC,OU=Organizational Units,DC=solomonedwards,DC=com",,,,,"False","",""
"Inner Office","5","OU=Inner Office,OU=Consulting,OU=TX - Houston,OU=SolomonEdwardsGroup\, LLC,OU=Organizational Units,DC=solomonedwards,DC=com",,,,,"False","",""
"FTE Consultants","5","OU=FTE Consultants,OU=Banking,OU=TX - Houston,OU=SolomonEdwardsGroup\, LLC,OU=Organizational Units,DC=solomonedwards,DC=com",,,,,"False","",""
"Perm Recruiters","4","OU=Perm Recruiters,OU=TX - Houston,OU=SolomonEdwardsGroup\, LLC,OU=Organizational Units,DC=solomonedwards,DC=com",,,,,"False","",""
"Finance","5","OU=Finance,OU=Corporate Services,OU=PA - King of Prussia,OU=SolomonEdwardsGroup\, LLC,OU=Organizational Units,DC=solomonedwards,DC=com",,,,,"False"," ",""
"E&Y","2","OU=E&Y,OU=Organizational Units,DC=solomonedwards,DC=com",,,,,"False","",""
"Temp Recruiters","4","OU=Temp Recruiters,OU=TX - Houston,OU=SolomonEdwardsGroup\, LLC,OU=Organizational Units,DC=solomonedwards,DC=com",,,,,"False","",""
"Perm Recruiters","4","OU=Perm Recruiters,OU=DC - Vienna,OU=SolomonEdwardsGroup\, LLC,OU=Organizational Units,DC=solomonedwards,DC=com",,,,,"False"," ","0"
"SEG Computers","1","OU=SEG Computers,DC=solomonedwards,DC=com","1","Remote Access","False","True","False","[LDAP://CN={7C1088A6-0F24-45C8-9AD0-79C7E43A56C9},CN=Policies,CN=System,DC=solomonedwards,DC=com;0]","0"
"Temp Recruiters","4","OU=Temp Recruiters,OU=DC - Vienna,OU=SolomonEdwardsGroup\, LLC,OU=Organizational Units,DC=solomonedwards,DC=com",,,,,"False","",""
"SolomonEdwardsGroup","1","OU=SolomonEdwardsGroup,DC=solomonedwards,DC=com",,,,,"False","",""
"test","4","OU=test,OU=SF - Msquared,OU=SolomonEdwardsGroup\, LLC,OU=Organizational Units,DC=solomonedwards,DC=com","1","SEGConultantWebsite ","True","True","False","[LDAP://cn={1360A23E-E9AE-41A8-A310-A6CAE04F4016},cn=policies,cn=system,DC=solomonedwards,DC=com;2]",""
"TestUsers","1","OU=TestUsers,DC=solomonedwards,DC=com","1","{5FC583E8-FEF8-491A-843C-F1DF321637E5}","False","True","False","[LDAP://CN={5FC583E8-FEF8-491A-843C-F1DF321637E5},CN=Policies,CN=System,DC=solomonedwards,DC=com;0]","0"
"SolomonEdwardsGroup","2","OU=SolomonEdwardsGroup,OU=TestUsers,DC=solomonedwards,DC=com",,,,,"False","",""
"Project Consultants","5","OU=Project Consultants,OU=Consulting,OU=GA - Atlanta,OU=SolomonEdwardsGroup\, LLC,OU=Organizational Units,DC=solomonedwards,DC=com","1","SEGConultantWebsite ","True","True","False","[LDAP://cn={1360A23E-E9AE-41A8-A310-A6CAE04F4016},cn=policies,cn=system,DC=solomonedwards,DC=com;2]",""
"SolomonEdwardsGroup","3","OU=SolomonEdwardsGroup,OU=SolomonEdwardsGroup,OU=TestUsers,DC=solomonedwards,DC=com",,,,,"False","",""
"Project Consultants","5","OU=Project Consultants,OU=Consulting,OU=NY - New York,OU=SolomonEdwardsGroup\, LLC,OU=Organizational Units,DC=solomonedwards,DC=com","1","SEGConultantWebsite ","True","True","False","[LDAP://cn={1360A23E-E9AE-41A8-A310-A6CAE04F4016},cn=policies,cn=system,DC=solomonedwards,DC=com;2]",""
"z - Groups","4","OU=z - Groups,OU=PA - King of Prussia,OU=SolomonEdwardsGroup\, LLC,OU=Organizational Units,DC=solomonedwards,DC=com",,,,,"False","",""
"Project Consultants","6","OU=Project Consultants,OU=Consulting,OU=Admin Staff,OU=NJ - New Jersey,OU=SolomonEdwardsGroup\, LLC,OU=Organizational Units,DC=solomonedwards,DC=com","1","SEGConultantWebsite ","True","True","False","[LDAP://cn={1360A23E-E9AE-41A8-A310-A6CAE04F4016},cn=policies,cn=system,DC=solomonedwards,DC=com;2]",""
"Mail Enable Security Groups","5","OU=Mail Enable Security Groups,OU=z - Groups,OU=PA - King of Prussia,OU=SolomonEdwardsGroup\, LLC,OU=Organizational Units,DC=solomonedwards,DC=com",,,,,"False","",""
"OrbitalATK","3","OU=OrbitalATK,OU=Project Based Accounts,OU=Organizational Units,DC=solomonedwards,DC=com",,,,,"False","",""
"SignatureNY","3","OU=SignatureNY,OU=Project Based Accounts,OU=Organizational Units,DC=solomonedwards,DC=com",,,,,"False","",""
"VTS","3","OU=VTS,OU=Project Based Accounts,OU=Organizational Units,DC=solomonedwards,DC=com",,,,,"False","",""
"Armstrong Flooring","3","OU=Armstrong Flooring,OU=Project Based Accounts,OU=Organizational Units,DC=solomonedwards,DC=com",,,,,"False","",""
"Lawyers Involved","3","OU=Lawyers Involved,OU=Ex-Employees,OU=Organizational Units,DC=solomonedwards,DC=com",,,,,"False","",""
"EY","3","OU=EY,OU=Project Based Accounts,OU=Organizational Units,DC=solomonedwards,DC=com",,,,,"False","",""
"Consultants","5","OU=Consultants,OU=Consulting,OU=ILL - Chicago,OU=SolomonEdwardsGroup\, LLC,OU=Organizational Units,DC=solomonedwards,DC=com",,,,,"False","",""
"RFI","3","OU=RFI,OU=Project Based Accounts,OU=Organizational Units,DC=solomonedwards,DC=com",,,,,"False","",""
"Consulting","4","OU=Consulting,OU=DC - Vienna,OU=SolomonEdwardsGroup\, LLC,OU=Organizational Units,DC=solomonedwards,DC=com",,,,,"False","",""
"Enersys","3","OU=Enersys,OU=Project Based Accounts,OU=Organizational Units,DC=solomonedwards,DC=com",,,,,"False","",""
"z - Groups","4","OU=z - Groups,OU=TX - Houston,OU=SolomonEdwardsGroup\, LLC,OU=Organizational Units,DC=solomonedwards,DC=com",,,,,"False","",""
"ICTSI","3","OU=ICTSI,OU=Project Based Accounts,OU=Organizational Units,DC=solomonedwards,DC=com",,,,,"False","",""
"Distribution Groups","5","OU=Distribution Groups,OU=z - Groups,OU=TX - Houston,OU=SolomonEdwardsGroup\, LLC,OU=Organizational Units,DC=solomonedwards,DC=com",,,,,"False","",""
"KPMG","3","OU=KPMG,OU=Project Based Accounts,OU=Organizational Units,DC=solomonedwards,DC=com",,,,,"False","",""
"Resources","3","OU=Resources,OU=SolomonEdwardsGroup\, LLC,OU=Organizational Units,DC=solomonedwards,DC=com",,,,,"False","",""
"Magna5","3","OU=Magna5,OU=Project Based Accounts,OU=Organizational Units,DC=solomonedwards,DC=com",,,,,"False","",""
"SEG Computers TEST OU","2","OU=SEG Computers TEST OU,OU=SEG Computers,DC=solomonedwards,DC=com",,,,,"False"," ","0"
"Appsense","6","OU=Appsense,OU=I.T. Services,OU=Corporate Services,OU=PA - King of Prussia,OU=SolomonEdwardsGroup\, LLC,OU=Organizational Units,DC=solomonedwards,DC=com",,,,,"False","",""
"FDIC - Project Consultants","2","OU=FDIC - Project Consultants,OU=Organizational Units,DC=solomonedwards,DC=com","1","Default TS Settings","False","True","False","[LDAP://CN={77CF2806-152F-40EF-9B17-1CB783EBB863},CN=Policies,CN=System,DC=solomonedwards,DC=com;0]","0"
"Groups","3","OU=Groups,OU=FDIC - Project Consultants,OU=Organizational Units,DC=solomonedwards,DC=com",,,,,"False"," ","0"
"Groups","6","OU=Groups,OU=I.T. Services,OU=Corporate Services,OU=PA - King of Prussia,OU=SolomonEdwardsGroup\, LLC,OU=Organizational Units,DC=solomonedwards,DC=com",,,,,"False","",""
"InfoNet Access","4","OU=InfoNet Access,OU=PA - King of Prussia,OU=SolomonEdwardsGroup\, LLC,OU=Organizational Units,DC=solomonedwards,DC=com",,,,,"False","",""
"WSUS Computers","1","OU=WSUS Computers,DC=solomonedwards,DC=com","1","PHLPST02 WSUS","False","True","False","[LDAP://CN={0FCDA1F5-2D72-43B3-8ECC-FD868EC4DB34},CN=Policies,CN=System,DC=solomonedwards,DC=com;0]","0"
"Currently Working","1","OU=Currently Working,DC=solomonedwards,DC=com",,,,,"False","",""
"SBA","2","OU=SBA,OU=Organizational Units,DC=solomonedwards,DC=com",,,,,"False","",""
"Mail Enabled Security Groups","5","OU=Mail Enabled Security Groups,OU=z - Groups,OU=ILL - Chicago,OU=SolomonEdwardsGroup\, LLC,OU=Organizational Units,DC=solomonedwards,DC=com",,,,,"False","",""
"Sharepoint Groups","2","OU=Sharepoint Groups,OU=Organizational Units,DC=solomonedwards,DC=com",,,,,"False","",""
"Travel","5","OU=Travel,OU=Corporate Services,OU=PA - King of Prussia,OU=SolomonEdwardsGroup\, LLC,OU=Organizational Units,DC=solomonedwards,DC=com",,,,,"False","",""
"GA - Atlanta","3","OU=GA - Atlanta,OU=SolomonEdwardsGroup\, LLC,OU=Organizational Units,DC=solomonedwards,DC=com",,,,,"False","",""
"Inner Office","5","OU=Inner Office,OU=Consulting,OU=PA - King of Prussia,OU=SolomonEdwardsGroup\, LLC,OU=Organizational Units,DC=solomonedwards,DC=com",,,,,"False","",""
"Exchange Features Removed","3","OU=Exchange Features Removed,OU=Ex-Employees,OU=Organizational Units,DC=solomonedwards,DC=com",,,,,"False","",""
"Inner Office","5","OU=Inner Office,OU=Consulting,OU=DC - Vienna,OU=SolomonEdwardsGroup\, LLC,OU=Organizational Units,DC=solomonedwards,DC=com",,,,,"False","",""
"SBA Project","3","OU=SBA Project,OU=SBA,OU=Organizational Units,DC=solomonedwards,DC=com",,,,,"False","",""
"Marketing","5","OU=Marketing,OU=Corporate Services,OU=PA - King of Prussia,OU=SolomonEdwardsGroup\, LLC,OU=Organizational Units,DC=solomonedwards,DC=com","1","{7F1C33CC-7D69-4D78-8356-310F6E580951}","False","True","False","[LDAP://CN={7F1C33CC-7D69-4D78-8356-310F6E580951},CN=Policies,CN=System,DC=solomonedwards,DC=com;0]","0"
"H.R.","5","OU=H.R.,OU=Corporate Services,OU=PA - King of Prussia,OU=SolomonEdwardsGroup\, LLC,OU=Organizational Units,DC=solomonedwards,DC=com",,,,,"False","",""
"Telemarketer","4","OU=Telemarketer,OU=DC - Vienna,OU=SolomonEdwardsGroup\, LLC,OU=Organizational Units,DC=solomonedwards,DC=com",,,,,"False"," ",""
"z - Groups","4","OU=z - Groups,OU=GA - Atlanta,OU=SolomonEdwardsGroup\, LLC,OU=Organizational Units,DC=solomonedwards,DC=com",,,,,"False","",""
"Baumstein","3","OU=Baumstein,OU=SolomonEdwardsGroup\, LLC,OU=Organizational Units,DC=solomonedwards,DC=com",,,,,"False","",""
"Mail Enabled Security Groups","5","OU=Mail Enabled Security Groups,OU=z - Groups,OU=GA - Atlanta,OU=SolomonEdwardsGroup\, LLC,OU=Organizational Units,DC=solomonedwards,DC=com",,,,,"False","",""
"NJ - New Jersey","3","OU=NJ - New Jersey,OU=SolomonEdwardsGroup\, LLC,OU=Organizational Units,DC=solomonedwards,DC=com",,,,,"False","",""
"Distribution Groups","5","OU=Distribution Groups,OU=z - Groups,OU=GA - Atlanta,OU=SolomonEdwardsGroup\, LLC,OU=Organizational Units,DC=solomonedwards,DC=com",,,,,"False","",""
"Admin Staff","4","OU=Admin Staff,OU=NJ - New Jersey,OU=SolomonEdwardsGroup\, LLC,OU=Organizational Units,DC=solomonedwards,DC=com",,,,,"False","",""
"Citrix Users","2","OU=Citrix Users,OU=Organizational Units,DC=solomonedwards,DC=com","1","TS Client Time","False","True","False","[LDAP://CN={C75E1C3F-9BD3-4E7E-A860-5196DD015D20},CN=Policies,CN=System,DC=solomonedwards,DC=com;0]","0"
"Consulting","5","OU=Consulting,OU=Admin Staff,OU=NJ - New Jersey,OU=SolomonEdwardsGroup\, LLC,OU=Organizational Units,DC=solomonedwards,DC=com",,,,,"False","",""
"Inner Office","6","OU=Inner Office,OU=Consulting,OU=Admin Staff,OU=NJ - New Jersey,OU=SolomonEdwardsGroup\, LLC,OU=Organizational Units,DC=solomonedwards,DC=com",,,,,"False","",""
"DC - Vienna","3","OU=DC - Vienna,OU=SolomonEdwardsGroup\, LLC,OU=Organizational Units,DC=solomonedwards,DC=com","1","{7F1C33CC-7D69-4D78-8356-310F6E580951}","False","False","False","[LDAP://CN={7F1C33CC-7D69-4D78-8356-310F6E580951},CN=Policies,CN=System,DC=solomonedwards,DC=com;1]","0"
"RJB","6","OU=RJB,OU=I.T. Services,OU=Corporate Services,OU=PA - King of Prussia,OU=SolomonEdwardsGroup\, LLC,OU=Organizational Units,DC=solomonedwards,DC=com",,,,,"False","",""
"z - Groups","4","OU=z - Groups,OU=DC - Vienna,OU=SolomonEdwardsGroup\, LLC,OU=Organizational Units,DC=solomonedwards,DC=com",,,,,"False","",""
"z - Groups","4","OU=z - Groups,OU=NJ - New Jersey,OU=SolomonEdwardsGroup\, LLC,OU=Organizational Units,DC=solomonedwards,DC=com",,,,,"False","",""
"Distribution Groups","5","OU=Distribution Groups,OU=z - Groups,OU=DC - Vienna,OU=SolomonEdwardsGroup\, LLC,OU=Organizational Units,DC=solomonedwards,DC=com",,,,,"False","",""
"Mail Enabled Security Groups","5","OU=Mail Enabled Security Groups,OU=z - Groups,OU=DC - Vienna,OU=SolomonEdwardsGroup\, LLC,OU=Organizational Units,DC=solomonedwards,DC=com",,,,,"False","",""
"Distribution Groups","5","OU=Distribution Groups,OU=z - Groups,OU=PA - King of Prussia,OU=SolomonEdwardsGroup\, LLC,OU=Organizational Units,DC=solomonedwards,DC=com",,,,,"False","",""
"KnowBe4 Groups","4","OU=KnowBe4 Groups,OU=Z - Company Groups,OU=SolomonEdwardsGroup\, LLC,OU=Organizational Units,DC=solomonedwards,DC=com",,,,,"False","",""
"Test","5","OU=Test,OU=SessionHosts,OU=XenDesktop,OU=Servers,OU=Rapidscale,DC=solomonedwards,DC=com",,,,,"False"," ",""
"Group Policy Users","2","OU=Group Policy Users,OU=Organizational Units,DC=solomonedwards,DC=com","3","TS Client Time","False","True","False","[LDAP://CN={C75E1C3F-9BD3-4E7E-A860-5196DD015D20},CN=Policies,CN=System,DC=solomonedwards,DC=com;0][LDAP://CN={7BF3B9FC-48F5-48BC-841C-319085991F67},CN=Policies,CN=System,DC=solomonedwards,DC=com;0][LDAP://CN={C9FFCAD2-DB32-434A-A5FA-4EC44002CCC4},CN=Policies,CN=System,DC=solomonedwards,DC=com;0]","0"
"Group Policy Users","2","OU=Group Policy Users,OU=Organizational Units,DC=solomonedwards,DC=com","2","Consulting","False","True","False","[LDAP://CN={C75E1C3F-9BD3-4E7E-A860-5196DD015D20},CN=Policies,CN=System,DC=solomonedwards,DC=com;0][LDAP://CN={7BF3B9FC-48F5-48BC-841C-319085991F67},CN=Policies,CN=System,DC=solomonedwards,DC=com;0][LDAP://CN={C9FFCAD2-DB32-434A-A5FA-4EC44002CCC4},CN=Policies,CN=System,DC=solomonedwards,DC=com;0]","0"
"Group Policy Users","2","OU=Group Policy Users,OU=Organizational Units,DC=solomonedwards,DC=com","1","{C9FFCAD2-DB32-434A-A5FA-4EC44002CCC4}","False","True","False","[LDAP://CN={C75E1C3F-9BD3-4E7E-A860-5196DD015D20},CN=Policies,CN=System,DC=solomonedwards,DC=com;0][LDAP://CN={7BF3B9FC-48F5-48BC-841C-319085991F67},CN=Policies,CN=System,DC=solomonedwards,DC=com;0][LDAP://CN={C9FFCAD2-DB32-434A-A5FA-4EC44002CCC4},CN=Policies,CN=System,DC=solomonedwards,DC=com;0]","0"
"QuadTeam","1","OU=QuadTeam,DC=solomonedwards,DC=com",,,,,"False","",""
"z - Groups","4","OU=z - Groups,OU=ILL - Chicago,OU=SolomonEdwardsGroup\, LLC,OU=Organizational Units,DC=solomonedwards,DC=com",,,,,"False","",""
"Maintenance","5","OU=Maintenance,OU=SessionHosts,OU=XenDesktop,OU=Servers,OU=Rapidscale,DC=solomonedwards,DC=com",,,,,"True"," ","1"
"Distribution Groups","5","OU=Distribution Groups,OU=z - Groups,OU=ILL - Chicago,OU=SolomonEdwardsGroup\, LLC,OU=Organizational Units,DC=solomonedwards,DC=com",,,,,"False","",""
"Production","5","OU=Production,OU=SessionHosts,OU=XenDesktop,OU=Servers,OU=Rapidscale,DC=solomonedwards,DC=com",,,,,"False"," ",""
"Consulting","4","OU=Consulting,OU=GA - Atlanta,OU=SolomonEdwardsGroup\, LLC,OU=Organizational Units,DC=solomonedwards,DC=com",,,,,"False","",""
"OL_Deactivated","1","OU=OL_Deactivated,DC=solomonedwards,DC=com",,,,,"False","",""
"SEGOfficeSolutions","2","OU=SEGOfficeSolutions,OU=Organizational Units,DC=solomonedwards,DC=com",,,,,"False","",""
"SolarWinds","4","OU=SolarWinds,OU=Z - Company Groups,OU=SolomonEdwardsGroup\, LLC,OU=Organizational Units,DC=solomonedwards,DC=com",,,,,"False","",""
"GA - Atlanta","3","OU=GA - Atlanta,OU=SEGOfficeSolutions,OU=Organizational Units,DC=solomonedwards,DC=com",,,,,"False","",""
"OpenGate","1","OU=OpenGate,DC=solomonedwards,DC=com",,,,,"False","",""
"PA - Wayne","3","OU=PA - Wayne,OU=SEGOfficeSolutions,OU=Organizational Units,DC=solomonedwards,DC=com",,,,,"False","",""
"OpenGate Groups","2","OU=OpenGate Groups,OU=OpenGate,DC=solomonedwards,DC=com",,,,,"False","",""
"z - Groups","3","OU=z - Groups,OU=SEGOfficeSolutions,OU=Organizational Units,DC=solomonedwards,DC=com",,,,,"False","",""
"Steele TAX","1","OU=Steele TAX,DC=solomonedwards,DC=com",,,,,"False","",""
"Dominion FC","1","OU=Dominion FC,DC=solomonedwards,DC=com",,,,,"False","",""
"FTE","2","OU=FTE,OU=Steele TAX,DC=solomonedwards,DC=com",,,,,"False","",""
"Project Consultants","2","OU=Project Consultants,OU=Steele TAX,DC=solomonedwards,DC=com",,,,,"False","",""
"FTE","2","OU=FTE,OU=Dominion FC,DC=solomonedwards,DC=com",,,,,"False","",""
"extrateam","1","OU=extrateam,DC=solomonedwards,DC=com",,,,,"False","",""
"Project Consultants","2","OU=Project Consultants,OU=Dominion FC,DC=solomonedwards,DC=com",,,,,"False","",""
"Ztest","6","OU=Ztest,OU=I.T. Services,OU=Corporate Services,OU=PA - King of Prussia,OU=SolomonEdwardsGroup\, LLC,OU=Organizational Units,DC=solomonedwards,DC=com",,,,,"False","",""
"Z - Company Groups","2","OU=Z - Company Groups,OU=Steele TAX,DC=solomonedwards,DC=com",,,,,"False","",""
"Temp Recruiters","4","OU=Temp Recruiters,OU=GA - Atlanta,OU=SolomonEdwardsGroup\, LLC,OU=Organizational Units,DC=solomonedwards,DC=com","1","Outlook 2003 Editor Policy","False","True","False","[LDAP://CN={4D3685C3-94B7-4302-85D6-643AD623438C},CN=Policies,CN=System,DC=solomonedwards,DC=com;0]","0"
"Z - Compnay Groups","2","OU=Z - Compnay Groups,OU=Dominion FC,DC=solomonedwards,DC=com",,,,,"False","",""
"FTE Consultants","5","OU=FTE Consultants,OU=Consulting,OU=GA - Atlanta,OU=SolomonEdwardsGroup\, LLC,OU=Organizational Units,DC=solomonedwards,DC=com",,,,,"False","",""
"DS","1","OU=DS,DC=solomonedwards,DC=com",,,,,"False","",""
"NY - New York","3","OU=NY - New York,OU=SolomonEdwardsGroup\, LLC,OU=Organizational Units,DC=solomonedwards,DC=com",,,,,"False","",""
"Z - Company Groups","2","OU=Z - Company Groups,OU=DS,DC=solomonedwards,DC=com",,,,,"False","",""
"Consulting","4","OU=Consulting,OU=NY - New York,OU=SolomonEdwardsGroup\, LLC,OU=Organizational Units,DC=solomonedwards,DC=com",,,,,"False","",""
"FTE","2","OU=FTE,OU=DS,DC=solomonedwards,DC=com",,,,,"False","",""
"Inner Office","5","OU=Inner Office,OU=Consulting,OU=NY - New York,OU=SolomonEdwardsGroup\, LLC,OU=Organizational Units,DC=solomonedwards,DC=com",,,,,"False","",""
"Project Consultants","2","OU=Project Consultants,OU=DS,DC=solomonedwards,DC=com",,,,,"False","",""
"Temp Recruiters","4","OU=Temp Recruiters,OU=PA - King of Prussia,OU=SolomonEdwardsGroup\, LLC,OU=Organizational Units,DC=solomonedwards,DC=com",,,,,"False","",""
"Harbor","1","OU=Harbor,DC=solomonedwards,DC=com",,,,,"False","",""
"Gennetx","3","OU=Gennetx,OU=Allowed Vendors,OU=Organizational Units,DC=solomonedwards,DC=com",,,,,"False","",""
"Segway","6","OU=Segway,OU=I.T. Services,OU=Corporate Services,OU=PA - King of Prussia,OU=SolomonEdwardsGroup\, LLC,OU=Organizational Units,DC=solomonedwards,DC=com","1","Segway","False","True","False","[LDAP://cn={BD1F909B-4ED7-42A1-9AD3-5656D9E18320},cn=policies,cn=system,DC=solomonedwards,DC=com;0]",""
"exaltaret","2","OU=exaltaret,OU=Organizational Units,DC=solomonedwards,DC=com",,,,,"False","",""
"Perm Recruiters","4","OU=Perm Recruiters,OU=PA - King of Prussia,OU=SolomonEdwardsGroup\, LLC,OU=Organizational Units,DC=solomonedwards,DC=com","1","{7F1C33CC-7D69-4D78-8356-310F6E580951}","False","True","False","[LDAP://CN={7F1C33CC-7D69-4D78-8356-310F6E580951},CN=Policies,CN=System,DC=solomonedwards,DC=com;0]","0"
"Renovous","3","OU=Renovous,OU=Project Based Accounts,OU=Organizational Units,DC=solomonedwards,DC=com",,,,,"False","",""
"Admin Staff","4","OU=Admin Staff,OU=TX - Houston,OU=SolomonEdwardsGroup\, LLC,OU=Organizational Units,DC=solomonedwards,DC=com",,,,,"False","",""
"FTE Consultants","5","OU=FTE Consultants,OU=Consulting,OU=PA - King of Prussia,OU=SolomonEdwardsGroup\, LLC,OU=Organizational Units,DC=solomonedwards,DC=com",,,,,"False","",""
"Admin Staff","4","OU=Admin Staff,OU=PA - King of Prussia,OU=SolomonEdwardsGroup\, LLC,OU=Organizational Units,DC=solomonedwards,DC=com",,,,,"False"," ","0"
"Temp Recruiters","4","OU=Temp Recruiters,OU=ILL - Chicago,OU=SolomonEdwardsGroup\, LLC,OU=Organizational Units,DC=solomonedwards,DC=com",,,,,"False","",""
"Delete ME","6","OU=Delete ME,OU=Mail Enabled Security Groups,OU=z - Groups,OU=ILL - Chicago,OU=SolomonEdwardsGroup\, LLC,OU=Organizational Units,DC=solomonedwards,DC=com",,,,,"False","",""
"z - Groups","4","OU=z - Groups,OU=NY - New York,OU=SolomonEdwardsGroup\, LLC,OU=Organizational Units,DC=solomonedwards,DC=com",,,,,"False","",""
"solomonedwards","0","DC=solomonedwards,DC=com","6","Segway","False","True","False","[LDAP://cn={BD1F909B-4ED7-42A1-9AD3-5656D9E18320},cn=policies,cn=system,DC=solomonedwards,DC=com;0][LDAP://cn={5ABDEC84-8135-4558-B8B8-4A83249C8F34},cn=policies,cn=system,DC=solomonedwards,DC=com;0][LDAP://CN={7C1088A6-0F24-45C8-9AD0-79C7E43A56C9},CN=Policies,CN=System,DC=solomonedwards,DC=com;0][LDAP://CN={31B2F340-016D-11D2-945F-00C04FB984F9},CN=Policies,CN=System,DC=solomonedwards,DC=com;0][LDAP://CN={86C92A8B-1464-4005-ACB8-298EA2F2C882},CN=Policies,CN=System,DC=solomonedwards,DC=com;0][LDAP://CN={931B76A3-6D98-408C-8261-DFAC2C31B6DD},CN=Policies,CN=System,DC=solomonedwards,DC=com;0]","0"
"solomonedwards","0","DC=solomonedwards,DC=com","5","SharePointIESettings","False","True","False","[LDAP://cn={BD1F909B-4ED7-42A1-9AD3-5656D9E18320},cn=policies,cn=system,DC=solomonedwards,DC=com;0][LDAP://cn={5ABDEC84-8135-4558-B8B8-4A83249C8F34},cn=policies,cn=system,DC=solomonedwards,DC=com;0][LDAP://CN={7C1088A6-0F24-45C8-9AD0-79C7E43A56C9},CN=Policies,CN=System,DC=solomonedwards,DC=com;0][LDAP://CN={31B2F340-016D-11D2-945F-00C04FB984F9},CN=Policies,CN=System,DC=solomonedwards,DC=com;0][LDAP://CN={86C92A8B-1464-4005-ACB8-298EA2F2C882},CN=Policies,CN=System,DC=solomonedwards,DC=com;0][LDAP://CN={931B76A3-6D98-408C-8261-DFAC2C31B6DD},CN=Policies,CN=System,DC=solomonedwards,DC=com;0]","0"
"solomonedwards","0","DC=solomonedwards,DC=com","4","Remote Access","False","True","False","[LDAP://cn={BD1F909B-4ED7-42A1-9AD3-5656D9E18320},cn=policies,cn=system,DC=solomonedwards,DC=com;0][LDAP://cn={5ABDEC84-8135-4558-B8B8-4A83249C8F34},cn=policies,cn=system,DC=solomonedwards,DC=com;0][LDAP://CN={7C1088A6-0F24-45C8-9AD0-79C7E43A56C9},CN=Policies,CN=System,DC=solomonedwards,DC=com;0][LDAP://CN={31B2F340-016D-11D2-945F-00C04FB984F9},CN=Policies,CN=System,DC=solomonedwards,DC=com;0][LDAP://CN={86C92A8B-1464-4005-ACB8-298EA2F2C882},CN=Policies,CN=System,DC=solomonedwards,DC=com;0][LDAP://CN={931B76A3-6D98-408C-8261-DFAC2C31B6DD},CN=Policies,CN=System,DC=solomonedwards,DC=com;0]","0"
"solomonedwards","0","DC=solomonedwards,DC=com","3","Default Domain Policy","False","True","False","[LDAP://cn={BD1F909B-4ED7-42A1-9AD3-5656D9E18320},cn=policies,cn=system,DC=solomonedwards,DC=com;0][LDAP://cn={5ABDEC84-8135-4558-B8B8-4A83249C8F34},cn=policies,cn=system,DC=solomonedwards,DC=com;0][LDAP://CN={7C1088A6-0F24-45C8-9AD0-79C7E43A56C9},CN=Policies,CN=System,DC=solomonedwards,DC=com;0][LDAP://CN={31B2F340-016D-11D2-945F-00C04FB984F9},CN=Policies,CN=System,DC=solomonedwards,DC=com;0][LDAP://CN={86C92A8B-1464-4005-ACB8-298EA2F2C882},CN=Policies,CN=System,DC=solomonedwards,DC=com;0][LDAP://CN={931B76A3-6D98-408C-8261-DFAC2C31B6DD},CN=Policies,CN=System,DC=solomonedwards,DC=com;0]","0"
"solomonedwards","0","DC=solomonedwards,DC=com","2","solomonedwards.com_ADAuditPlusPolicy","False","True","False","[LDAP://cn={BD1F909B-4ED7-42A1-9AD3-5656D9E18320},cn=policies,cn=system,DC=solomonedwards,DC=com;0][LDAP://cn={5ABDEC84-8135-4558-B8B8-4A83249C8F34},cn=policies,cn=system,DC=solomonedwards,DC=com;0][LDAP://CN={7C1088A6-0F24-45C8-9AD0-79C7E43A56C9},CN=Policies,CN=System,DC=solomonedwards,DC=com;0][LDAP://CN={31B2F340-016D-11D2-945F-00C04FB984F9},CN=Policies,CN=System,DC=solomonedwards,DC=com;0][LDAP://CN={86C92A8B-1464-4005-ACB8-298EA2F2C882},CN=Policies,CN=System,DC=solomonedwards,DC=com;0][LDAP://CN={931B76A3-6D98-408C-8261-DFAC2C31B6DD},CN=Policies,CN=System,DC=solomonedwards,DC=com;0]","0"
"solomonedwards","0","DC=solomonedwards,DC=com","1","solomonedwards.com_ADAuditPlusWSPolicy","False","True","False","[LDAP://cn={BD1F909B-4ED7-42A1-9AD3-5656D9E18320},cn=policies,cn=system,DC=solomonedwards,DC=com;0][LDAP://cn={5ABDEC84-8135-4558-B8B8-4A83249C8F34},cn=policies,cn=system,DC=solomonedwards,DC=com;0][LDAP://CN={7C1088A6-0F24-45C8-9AD0-79C7E43A56C9},CN=Policies,CN=System,DC=solomonedwards,DC=com;0][LDAP://CN={31B2F340-016D-11D2-945F-00C04FB984F9},CN=Policies,CN=System,DC=solomonedwards,DC=com;0][LDAP://CN={86C92A8B-1464-4005-ACB8-298EA2F2C882},CN=Policies,CN=System,DC=solomonedwards,DC=com;0][LDAP://CN={931B76A3-6D98-408C-8261-DFAC2C31B6DD},CN=Policies,CN=System,DC=solomonedwards,DC=com;0]","0"
"Project Based Accounts","2","OU=Project Based Accounts,OU=Organizational Units,DC=solomonedwards,DC=com",,,,,"False","",""
"iCore-Cloud","0","CN=iCore-Cloud,CN=Sites,CN=Configuration,DC=solomonedwards,DC=com",,,,,"False","",""
"MSquared Contacts","3","OU=MSquared Contacts,OU=Project Based Accounts,OU=Organizational Units,DC=solomonedwards,DC=com",,,,,"False","",""
"PA-KingOfPrussia","0","CN=PA-KingOfPrussia,CN=Sites,CN=Configuration,DC=solomonedwards,DC=com",,,,,"False","",""
"SF - Cons FWD Contacts","5","OU=SF - Cons FWD Contacts,OU=SF - Consultants,OU=SF - Msquared,OU=SolomonEdwardsGroup\, LLC,OU=Organizational Units,DC=solomonedwards,DC=com",,,,,"False","",""
"ILL-Chicago","0","CN=ILL-Chicago,CN=Sites,CN=Configuration,DC=solomonedwards,DC=com",,,,,"False","",""
"z - Groups","4","OU=z - Groups,OU=SF - Msquared,OU=SolomonEdwardsGroup\, LLC,OU=Organizational Units,DC=solomonedwards,DC=com",,,,,"False","",""
"VA-Vienna","0","CN=VA-Vienna,CN=Sites,CN=Configuration,DC=solomonedwards,DC=com",,,,,"False","",""
"LiquidHub","3","OU=LiquidHub,OU=Allowed Vendors,OU=Organizational Units,DC=solomonedwards,DC=com",,,,,"False","",""
"GA-Atlanta","0","CN=GA-Atlanta,CN=Sites,CN=Configuration,DC=solomonedwards,DC=com",,,,,"False","",""
"_Migration from Msquared to SolomonEdwards","1","OU=_Migration from Msquared to SolomonEdwards,DC=solomonedwards,DC=com","1","Post-Migration GPO","False","True","False","[LDAP://cn={48F45D60-4E7E-4E48-B352-3DC82A18646A},cn=policies,cn=system,DC=solomonedwards,DC=com;0]",""
"TX-HOU","0","CN=TX-HOU,CN=Sites,CN=Configuration,DC=solomonedwards,DC=com",,,,,"False","",""
"CA-SanFrancisco","0","CN=CA-SanFrancisco,CN=Sites,CN=Configuration,DC=solomonedwards,DC=com",,,,,"False","",""
"Post WorkStation Migration","2","OU=Post WorkStation Migration,OU=_Migration from Msquared to SolomonEdwards,DC=solomonedwards,DC=com","1","Post ADMT Migration","False","True","False","[LDAP://cn={EAC4D18A-0BC5-4622-B6AF-2BE9E8262020},cn=policies,cn=system,DC=solomonedwards,DC=com;0]",""
"DR-Site","0","CN=DR-Site,CN=Sites,CN=Configuration,DC=solomonedwards,DC=com",,,,,"False","",""
"Groups","2","OU=Groups,OU=_Migration from Msquared to SolomonEdwards,DC=solomonedwards,DC=com",,,,,"False","",""
"Users","2","OU=Users,OU=_Migration from Msquared to SolomonEdwards,DC=solomonedwards,DC=com",,,,,"False","",""
