"Name","Depth","Description","whenCreated","whenChanged","DistinguishedName"
"Microsoft Exchange Security Groups","1","","2/9/2013 8:30:05 PM","5/13/2021 2:40:15 PM","OU=Microsoft Exchange Security Groups,DC=solomonedwards,DC=com"
"Organizational Units","1","","10/17/2002 1:39:24 AM","5/13/2021 2:39:17 PM","OU=Organizational Units,DC=solomonedwards,DC=com"
"System Users","2","","1/8/2003 2:52:36 AM","5/13/2021 2:39:17 PM","OU=System Users,OU=Organizational Units,DC=solomonedwards,DC=com"
"SEG Servers","1","","3/20/2006 2:41:01 PM","5/13/2021 2:39:39 PM","OU=SEG Servers,DC=solomonedwards,DC=com"
"SolomonEdwardsGroup, LLC","2","","10/17/2002 1:40:21 AM","5/13/2021 2:39:43 PM","OU=SolomonEdwardsGroup\, LLC,OU=Organizational Units,DC=solomonedwards,DC=com"
"PA - King of Prussia","3","","10/17/2002 1:35:24 AM","5/13/2021 2:39:43 PM","OU=PA - King of Prussia,OU=SolomonEdwardsGroup\, LLC,OU=Organizational Units,DC=solomonedwards,DC=com"
"Corporate Services","4","","10/17/2002 1:43:27 AM","5/13/2021 2:39:43 PM","OU=Corporate Services,OU=PA - King of Prussia,OU=SolomonEdwardsGroup\, LLC,OU=Organizational Units,DC=solomonedwards,DC=com"
"I.T. Services","5","","10/17/2002 1:44:00 AM","5/13/2021 2:39:43 PM","OU=I.T. Services,OU=Corporate Services,OU=PA - King of Prussia,OU=SolomonEdwardsGroup\, LLC,OU=Organizational Units,DC=solomonedwards,DC=com"
"Service Accounts","1","","7/30/2008 10:43:43 PM","5/13/2021 2:40:18 PM","OU=Service Accounts,DC=solomonedwards,DC=com"
"Domain Controllers","1","Default container for new Windows 2000 domain controllers","6/22/2001 1:20:02 AM","5/13/2021 2:39:17 PM","OU=Domain Controllers,DC=solomonedwards,DC=com"
"TX - Houston","3","","3/27/2007 1:11:02 PM","5/13/2021 2:40:14 PM","OU=TX - Houston,OU=SolomonEdwardsGroup\, LLC,OU=Organizational Units,DC=solomonedwards,DC=com"
"Consulting","4","","3/27/2007 1:11:57 PM","5/13/2021 2:40:14 PM","OU=Consulting,OU=TX - Houston,OU=SolomonEdwardsGroup\, LLC,OU=Organizational Units,DC=solomonedwards,DC=com"
"FTE Consultants","5","","3/27/2007 1:14:04 PM","5/13/2021 2:40:15 PM","OU=FTE Consultants,OU=Consulting,OU=TX - Houston,OU=SolomonEdwardsGroup\, LLC,OU=Organizational Units,DC=solomonedwards,DC=com"
"- Corporate Executives","3","","10/17/2002 2:48:45 AM","5/13/2021 2:40:18 PM","OU=- Corporate Executives,OU=SolomonEdwardsGroup\, LLC,OU=Organizational Units,DC=solomonedwards,DC=com"
"Rapidscale","1","","9/6/2019 2:30:01 PM","6/14/2023 5:16:48 AM","OU=Rapidscale,DC=solomonedwards,DC=com"
"Service Accounts","2","","9/9/2019 1:25:05 PM","5/13/2021 2:40:26 PM","OU=Service Accounts,OU=Rapidscale,DC=solomonedwards,DC=com"
"Z - Company Groups","3","","10/12/2006 6:24:59 PM","5/13/2021 2:40:18 PM","OU=Z - Company Groups,OU=SolomonEdwardsGroup\, LLC,OU=Organizational Units,DC=solomonedwards,DC=com"
"Allowed Vendors","2","","12/5/2002 7:22:15 PM","5/13/2021 2:40:18 PM","OU=Allowed Vendors,OU=Organizational Units,DC=solomonedwards,DC=com"
"SP_Accounts","2","","10/12/2015 2:50:35 PM","5/13/2021 2:40:23 PM","OU=SP_Accounts,OU=Service Accounts,DC=solomonedwards,DC=com"
"Servers","2","","9/6/2019 2:30:16 PM","5/13/2021 2:40:31 PM","OU=Servers,OU=Rapidscale,DC=solomonedwards,DC=com"
"ExtraTeam Users","2","","8/26/2013 6:42:19 PM","5/13/2021 2:40:18 PM","OU=ExtraTeam Users,OU=Organizational Units,DC=solomonedwards,DC=com"
"Project Consultants","5","","3/27/2007 1:15:06 PM","5/13/2021 2:40:18 PM","OU=Project Consultants,OU=Consulting,OU=TX - Houston,OU=SolomonEdwardsGroup\, LLC,OU=Organizational Units,DC=solomonedwards,DC=com"
"SF - Msquared","3","","7/31/2013 8:16:49 PM","5/13/2021 2:40:18 PM","OU=SF - Msquared,OU=SolomonEdwardsGroup\, LLC,OU=Organizational Units,DC=solomonedwards,DC=com"
"SF - Consultants","4","","9/4/2013 10:03:22 PM","5/13/2021 2:40:18 PM","OU=SF - Consultants,OU=SF - Msquared,OU=SolomonEdwardsGroup\, LLC,OU=Organizational Units,DC=solomonedwards,DC=com"
"Ex-Employees","2","","11/22/2003 4:10:57 PM","9/16/2021 5:10:58 PM","OU=Ex-Employees,OU=Organizational Units,DC=solomonedwards,DC=com"
"Consulting","4","","10/17/2002 1:36:35 AM","5/13/2021 2:40:14 PM","OU=Consulting,OU=PA - King of Prussia,OU=SolomonEdwardsGroup\, LLC,OU=Organizational Units,DC=solomonedwards,DC=com"
"Interim Consultants","5","","9/9/2019 4:30:51 PM","5/13/2021 2:40:31 PM","OU=Interim Consultants,OU=Consulting,OU=PA - King of Prussia,OU=SolomonEdwardsGroup\, LLC,OU=Organizational Units,DC=solomonedwards,DC=com"
"PHL Interim","6","","10/23/2019 12:44:56 PM","5/13/2021 2:40:31 PM","OU=PHL Interim,OU=Interim Consultants,OU=Consulting,OU=PA - King of Prussia,OU=SolomonEdwardsGroup\, LLC,OU=Organizational Units,DC=solomonedwards,DC=com"
"Banking","4","","9/30/2013 7:34:41 PM","5/13/2021 2:40:23 PM","OU=Banking,OU=TX - Houston,OU=SolomonEdwardsGroup\, LLC,OU=Organizational Units,DC=solomonedwards,DC=com"
"Project Consultants","5","","9/30/2013 7:35:09 PM","5/13/2021 2:40:23 PM","OU=Project Consultants,OU=Banking,OU=TX - Houston,OU=SolomonEdwardsGroup\, LLC,OU=Organizational Units,DC=solomonedwards,DC=com"
"QUAD Interim","6","","10/23/2019 12:45:16 PM","5/13/2021 2:40:31 PM","OU=QUAD Interim,OU=Interim Consultants,OU=Consulting,OU=PA - King of Prussia,OU=SolomonEdwardsGroup\, LLC,OU=Organizational Units,DC=solomonedwards,DC=com"
"SF - Collabrus","4","","12/11/2013 12:13:51 AM","5/13/2021 2:40:18 PM","OU=SF - Collabrus,OU=SF - Msquared,OU=SolomonEdwardsGroup\, LLC,OU=Organizational Units,DC=solomonedwards,DC=com"
"SF-SEG-consultants","4","","12/9/2020 3:20:56 AM","5/13/2021 2:40:28 PM","OU=SF-SEG-consultants,OU=SF - Msquared,OU=SolomonEdwardsGroup\, LLC,OU=Organizational Units,DC=solomonedwards,DC=com"
"Project Consultants","5","","3/3/2005 3:12:59 PM","5/13/2021 2:40:18 PM","OU=Project Consultants,OU=Consulting,OU=PA - King of Prussia,OU=SolomonEdwardsGroup\, LLC,OU=Organizational Units,DC=solomonedwards,DC=com"
"ILL - Chicago","3","","5/23/2005 1:27:41 PM","5/13/2021 2:40:14 PM","OU=ILL - Chicago,OU=SolomonEdwardsGroup\, LLC,OU=Organizational Units,DC=solomonedwards,DC=com"
"Consulting","4","","7/17/2006 3:47:41 PM","5/13/2021 2:40:14 PM","OU=Consulting,OU=ILL - Chicago,OU=SolomonEdwardsGroup\, LLC,OU=Organizational Units,DC=solomonedwards,DC=com"
"Project Consultants","5","","7/17/2006 3:47:57 PM","5/13/2021 2:40:23 PM","OU=Project Consultants,OU=Consulting,OU=ILL - Chicago,OU=SolomonEdwardsGroup\, LLC,OU=Organizational Units,DC=solomonedwards,DC=com"
"FTE Consultants","5","","7/17/2006 3:48:37 PM","5/13/2021 2:40:18 PM","OU=FTE Consultants,OU=Consulting,OU=ILL - Chicago,OU=SolomonEdwardsGroup\, LLC,OU=Organizational Units,DC=solomonedwards,DC=com"
"Groups","6","","10/18/2007 1:09:32 PM","5/13/2021 2:39:43 PM","OU=Groups,OU=I.T. Services,OU=Corporate Services,OU=PA - King of Prussia,OU=SolomonEdwardsGroup\, LLC,OU=Organizational Units,DC=solomonedwards,DC=com"
"TX - Dallas","3","","10/2/2020 5:42:06 PM","5/13/2021 2:40:33 PM","OU=TX - Dallas,OU=SolomonEdwardsGroup\, LLC,OU=Organizational Units,DC=solomonedwards,DC=com"
"WSUS Computers","1","","9/9/2010 9:28:03 PM","5/13/2021 2:39:43 PM","OU=WSUS Computers,DC=solomonedwards,DC=com"
"Admin Staff","4","","10/2/2020 5:42:30 PM","5/13/2021 2:40:33 PM","OU=Admin Staff,OU=TX - Dallas,OU=SolomonEdwardsGroup\, LLC,OU=Organizational Units,DC=solomonedwards,DC=com"
"SBA","2","","4/27/2010 5:58:30 PM","5/13/2021 2:40:10 PM","OU=SBA,OU=Organizational Units,DC=solomonedwards,DC=com"
"Inner Office","5","","3/27/2007 1:14:34 PM","5/13/2021 2:40:14 PM","OU=Inner Office,OU=Consulting,OU=TX - Houston,OU=SolomonEdwardsGroup\, LLC,OU=Organizational Units,DC=solomonedwards,DC=com"
"Sharepoint Groups","2","","9/14/2006 12:08:00 PM","5/13/2021 2:40:12 PM","OU=Sharepoint Groups,OU=Organizational Units,DC=solomonedwards,DC=com"
"Finance","5","","10/17/2002 1:43:46 AM","5/13/2021 2:40:18 PM","OU=Finance,OU=Corporate Services,OU=PA - King of Prussia,OU=SolomonEdwardsGroup\, LLC,OU=Organizational Units,DC=solomonedwards,DC=com"
"GA - Atlanta","3","","10/17/2002 1:41:33 AM","5/13/2021 2:40:14 PM","OU=GA - Atlanta,OU=SolomonEdwardsGroup\, LLC,OU=Organizational Units,DC=solomonedwards,DC=com"
"E&Y","2","","12/27/2012 10:50:05 PM","5/13/2021 2:40:14 PM","OU=E&Y,OU=Organizational Units,DC=solomonedwards,DC=com"
"Exchange Features Removed","3","","4/7/2011 3:33:54 PM","5/13/2021 2:40:14 PM","OU=Exchange Features Removed,OU=Ex-Employees,OU=Organizational Units,DC=solomonedwards,DC=com"
"SEG Computers","1","","3/20/2006 2:40:18 PM","5/13/2021 2:39:39 PM","OU=SEG Computers,DC=solomonedwards,DC=com"
"SBA Project","3","","6/1/2010 8:28:56 PM","5/13/2021 2:40:14 PM","OU=SBA Project,OU=SBA,OU=Organizational Units,DC=solomonedwards,DC=com"
"SolomonEdwardsGroup","1","","5/31/2005 8:26:13 PM","5/13/2021 2:39:40 PM","OU=SolomonEdwardsGroup,DC=solomonedwards,DC=com"
"H.R.","5","","11/13/2002 9:13:17 PM","5/13/2021 2:40:14 PM","OU=H.R.,OU=Corporate Services,OU=PA - King of Prussia,OU=SolomonEdwardsGroup\, LLC,OU=Organizational Units,DC=solomonedwards,DC=com"
"TestUsers","1","","2/24/2004 2:31:40 PM","5/13/2021 2:39:40 PM","OU=TestUsers,DC=solomonedwards,DC=com"
"z - Groups","4","","10/24/2003 8:48:37 PM","5/13/2021 2:40:14 PM","OU=z - Groups,OU=GA - Atlanta,OU=SolomonEdwardsGroup\, LLC,OU=Organizational Units,DC=solomonedwards,DC=com"
"SolomonEdwardsGroup","2","","5/31/2005 8:40:22 PM","5/13/2021 2:39:40 PM","OU=SolomonEdwardsGroup,OU=TestUsers,DC=solomonedwards,DC=com"
"Mail Enabled Security Groups","5","","10/24/2003 8:46:46 PM","5/13/2021 2:40:14 PM","OU=Mail Enabled Security Groups,OU=z - Groups,OU=GA - Atlanta,OU=SolomonEdwardsGroup\, LLC,OU=Organizational Units,DC=solomonedwards,DC=com"
"SolomonEdwardsGroup","3","","5/31/2005 8:53:17 PM","5/13/2021 2:39:40 PM","OU=SolomonEdwardsGroup,OU=SolomonEdwardsGroup,OU=TestUsers,DC=solomonedwards,DC=com"
"Distribution Groups","5","","10/24/2003 8:49:01 PM","5/13/2021 2:40:14 PM","OU=Distribution Groups,OU=z - Groups,OU=GA - Atlanta,OU=SolomonEdwardsGroup\, LLC,OU=Organizational Units,DC=solomonedwards,DC=com"
"z - Groups","4","","1/14/2005 5:33:48 PM","5/13/2021 2:40:14 PM","OU=z - Groups,OU=PA - King of Prussia,OU=SolomonEdwardsGroup\, LLC,OU=Organizational Units,DC=solomonedwards,DC=com"
"Citrix Users","2","","3/11/2004 2:47:51 PM","5/13/2021 2:40:14 PM","OU=Citrix Users,OU=Organizational Units,DC=solomonedwards,DC=com"
"DC - Vienna","3","","10/17/2002 1:42:06 AM","5/13/2021 2:40:14 PM","OU=DC - Vienna,OU=SolomonEdwardsGroup\, LLC,OU=Organizational Units,DC=solomonedwards,DC=com"
"Mail Enable Security Groups","5","","1/14/2005 5:34:45 PM","5/13/2021 2:40:14 PM","OU=Mail Enable Security Groups,OU=z - Groups,OU=PA - King of Prussia,OU=SolomonEdwardsGroup\, LLC,OU=Organizational Units,DC=solomonedwards,DC=com"
"z - Groups","4","","1/12/2005 8:24:55 PM","5/13/2021 2:40:14 PM","OU=z - Groups,OU=DC - Vienna,OU=SolomonEdwardsGroup\, LLC,OU=Organizational Units,DC=solomonedwards,DC=com"
"Distribution Groups","5","","1/12/2005 8:25:18 PM","5/13/2021 2:40:14 PM","OU=Distribution Groups,OU=z - Groups,OU=DC - Vienna,OU=SolomonEdwardsGroup\, LLC,OU=Organizational Units,DC=solomonedwards,DC=com"
"Mail Enabled Security Groups","5","","1/12/2005 8:25:47 PM","5/13/2021 2:40:14 PM","OU=Mail Enabled Security Groups,OU=z - Groups,OU=DC - Vienna,OU=SolomonEdwardsGroup\, LLC,OU=Organizational Units,DC=solomonedwards,DC=com"
"Distribution Groups","5","","1/14/2005 5:34:21 PM","5/13/2021 2:40:14 PM","OU=Distribution Groups,OU=z - Groups,OU=PA - King of Prussia,OU=SolomonEdwardsGroup\, LLC,OU=Organizational Units,DC=solomonedwards,DC=com"
"Group Policy Users","2","","3/16/2005 8:24:36 PM","5/13/2021 2:40:14 PM","OU=Group Policy Users,OU=Organizational Units,DC=solomonedwards,DC=com"
"z - Groups","4","","5/24/2005 8:53:44 PM","5/13/2021 2:40:14 PM","OU=z - Groups,OU=ILL - Chicago,OU=SolomonEdwardsGroup\, LLC,OU=Organizational Units,DC=solomonedwards,DC=com"
"Distribution Groups","5","","5/24/2005 8:54:45 PM","5/13/2021 2:40:14 PM","OU=Distribution Groups,OU=z - Groups,OU=ILL - Chicago,OU=SolomonEdwardsGroup\, LLC,OU=Organizational Units,DC=solomonedwards,DC=com"
"Consulting","4","","10/17/2002 2:30:22 AM","5/13/2021 2:40:14 PM","OU=Consulting,OU=GA - Atlanta,OU=SolomonEdwardsGroup\, LLC,OU=Organizational Units,DC=solomonedwards,DC=com"
"SEGOfficeSolutions","2","","10/17/2002 1:37:00 AM","5/13/2021 2:40:14 PM","OU=SEGOfficeSolutions,OU=Organizational Units,DC=solomonedwards,DC=com"
"GA - Atlanta","3","","9/26/2005 2:00:30 PM","5/13/2021 2:40:14 PM","OU=GA - Atlanta,OU=SEGOfficeSolutions,OU=Organizational Units,DC=solomonedwards,DC=com"
"PA - Wayne","3","","9/26/2005 2:00:50 PM","5/13/2021 2:40:14 PM","OU=PA - Wayne,OU=SEGOfficeSolutions,OU=Organizational Units,DC=solomonedwards,DC=com"
"z - Groups","3","","9/26/2005 1:59:53 PM","5/13/2021 2:40:14 PM","OU=z - Groups,OU=SEGOfficeSolutions,OU=Organizational Units,DC=solomonedwards,DC=com"
"Lawyers Involved","3","","10/18/2010 2:02:28 PM","5/13/2021 2:40:14 PM","OU=Lawyers Involved,OU=Ex-Employees,OU=Organizational Units,DC=solomonedwards,DC=com"
"Consultants","5","","7/17/2006 3:48:09 PM","5/13/2021 2:40:14 PM","OU=Consultants,OU=Consulting,OU=ILL - Chicago,OU=SolomonEdwardsGroup\, LLC,OU=Organizational Units,DC=solomonedwards,DC=com"
"Consulting","4","","10/17/2002 2:31:15 AM","5/13/2021 2:40:14 PM","OU=Consulting,OU=DC - Vienna,OU=SolomonEdwardsGroup\, LLC,OU=Organizational Units,DC=solomonedwards,DC=com"
"z - Groups","4","","3/27/2007 1:13:45 PM","5/13/2021 2:40:14 PM","OU=z - Groups,OU=TX - Houston,OU=SolomonEdwardsGroup\, LLC,OU=Organizational Units,DC=solomonedwards,DC=com"
"Distribution Groups","5","","3/27/2007 1:16:10 PM","5/13/2021 2:40:14 PM","OU=Distribution Groups,OU=z - Groups,OU=TX - Houston,OU=SolomonEdwardsGroup\, LLC,OU=Organizational Units,DC=solomonedwards,DC=com"
"Resources","3","","4/24/2007 10:04:21 PM","5/13/2021 2:40:14 PM","OU=Resources,OU=SolomonEdwardsGroup\, LLC,OU=Organizational Units,DC=solomonedwards,DC=com"
"SEG Computers TEST OU","2","","1/15/2008 2:54:14 PM","5/13/2021 2:40:14 PM","OU=SEG Computers TEST OU,OU=SEG Computers,DC=solomonedwards,DC=com"
"Appsense","6","","5/9/2008 6:59:39 PM","5/13/2021 2:40:14 PM","OU=Appsense,OU=I.T. Services,OU=Corporate Services,OU=PA - King of Prussia,OU=SolomonEdwardsGroup\, LLC,OU=Organizational Units,DC=solomonedwards,DC=com"
"FDIC - Project Consultants","2","","4/9/2009 8:25:04 PM","5/13/2021 2:40:14 PM","OU=FDIC - Project Consultants,OU=Organizational Units,DC=solomonedwards,DC=com"
"Groups","3","","4/9/2009 9:31:40 PM","5/13/2021 2:40:14 PM","OU=Groups,OU=FDIC - Project Consultants,OU=Organizational Units,DC=solomonedwards,DC=com"
"InfoNet Access","4","","6/9/2010 1:37:42 PM","5/13/2021 2:40:14 PM","OU=InfoNet Access,OU=PA - King of Prussia,OU=SolomonEdwardsGroup\, LLC,OU=Organizational Units,DC=solomonedwards,DC=com"
"Currently Working","1","","10/22/2010 7:35:21 PM","5/13/2021 2:40:14 PM","OU=Currently Working,DC=solomonedwards,DC=com"
"Mail Enabled Security Groups","5","","5/24/2005 8:55:18 PM","5/13/2021 2:40:14 PM","OU=Mail Enabled Security Groups,OU=z - Groups,OU=ILL - Chicago,OU=SolomonEdwardsGroup\, LLC,OU=Organizational Units,DC=solomonedwards,DC=com"
"Travel","5","","6/13/2012 7:02:06 PM","5/13/2021 2:40:14 PM","OU=Travel,OU=Corporate Services,OU=PA - King of Prussia,OU=SolomonEdwardsGroup\, LLC,OU=Organizational Units,DC=solomonedwards,DC=com"
"Inner Office","5","","9/26/2005 5:56:28 PM","5/13/2021 2:40:14 PM","OU=Inner Office,OU=Consulting,OU=PA - King of Prussia,OU=SolomonEdwardsGroup\, LLC,OU=Organizational Units,DC=solomonedwards,DC=com"
"extrateam","1","","9/26/2013 2:40:31 AM","5/13/2021 2:40:15 PM","OU=extrateam,DC=solomonedwards,DC=com"
"Inner Office","5","","10/24/2006 9:05:26 PM","5/13/2021 2:40:14 PM","OU=Inner Office,OU=Consulting,OU=DC - Vienna,OU=SolomonEdwardsGroup\, LLC,OU=Organizational Units,DC=solomonedwards,DC=com"
"Ztest","6","","8/31/2016 3:28:09 PM","5/13/2021 2:40:18 PM","OU=Ztest,OU=I.T. Services,OU=Corporate Services,OU=PA - King of Prussia,OU=SolomonEdwardsGroup\, LLC,OU=Organizational Units,DC=solomonedwards,DC=com"
"Marketing","5","","1/14/2005 5:12:44 PM","5/13/2021 2:40:14 PM","OU=Marketing,OU=Corporate Services,OU=PA - King of Prussia,OU=SolomonEdwardsGroup\, LLC,OU=Organizational Units,DC=solomonedwards,DC=com"
"Temp Recruiters","4","","10/17/2002 2:30:13 AM","5/13/2021 2:40:18 PM","OU=Temp Recruiters,OU=GA - Atlanta,OU=SolomonEdwardsGroup\, LLC,OU=Organizational Units,DC=solomonedwards,DC=com"
"Telemarketer","4","","1/16/2006 7:41:37 PM","5/13/2021 2:40:14 PM","OU=Telemarketer,OU=DC - Vienna,OU=SolomonEdwardsGroup\, LLC,OU=Organizational Units,DC=solomonedwards,DC=com"
"FTE Consultants","5","","10/4/2007 1:45:33 PM","5/13/2021 2:40:18 PM","OU=FTE Consultants,OU=Consulting,OU=GA - Atlanta,OU=SolomonEdwardsGroup\, LLC,OU=Organizational Units,DC=solomonedwards,DC=com"
"Baumstein","3","","6/8/2012 4:26:46 PM","5/13/2021 2:40:14 PM","OU=Baumstein,OU=SolomonEdwardsGroup\, LLC,OU=Organizational Units,DC=solomonedwards,DC=com"
"NY - New York","3","","8/8/2013 8:50:21 PM","5/13/2021 2:40:18 PM","OU=NY - New York,OU=SolomonEdwardsGroup\, LLC,OU=Organizational Units,DC=solomonedwards,DC=com"
"NJ - New Jersey","3","","8/8/2013 8:50:37 PM","5/13/2021 2:40:14 PM","OU=NJ - New Jersey,OU=SolomonEdwardsGroup\, LLC,OU=Organizational Units,DC=solomonedwards,DC=com"
"Consulting","4","","8/9/2013 2:30:12 AM","5/13/2021 2:40:18 PM","OU=Consulting,OU=NY - New York,OU=SolomonEdwardsGroup\, LLC,OU=Organizational Units,DC=solomonedwards,DC=com"
"Admin Staff","4","","8/9/2013 2:34:59 AM","5/13/2021 2:40:14 PM","OU=Admin Staff,OU=NJ - New Jersey,OU=SolomonEdwardsGroup\, LLC,OU=Organizational Units,DC=solomonedwards,DC=com"
"Inner Office","5","","8/9/2013 2:31:28 AM","5/13/2021 2:40:18 PM","OU=Inner Office,OU=Consulting,OU=NY - New York,OU=SolomonEdwardsGroup\, LLC,OU=Organizational Units,DC=solomonedwards,DC=com"
"Consulting","5","","8/9/2013 2:35:13 AM","5/13/2021 2:40:14 PM","OU=Consulting,OU=Admin Staff,OU=NJ - New Jersey,OU=SolomonEdwardsGroup\, LLC,OU=Organizational Units,DC=solomonedwards,DC=com"
"Temp Recruiters","4","","10/17/2002 1:35:54 AM","5/13/2021 2:40:18 PM","OU=Temp Recruiters,OU=PA - King of Prussia,OU=SolomonEdwardsGroup\, LLC,OU=Organizational Units,DC=solomonedwards,DC=com"
"Inner Office","6","","8/9/2013 2:35:23 AM","5/13/2021 2:40:14 PM","OU=Inner Office,OU=Consulting,OU=Admin Staff,OU=NJ - New Jersey,OU=SolomonEdwardsGroup\, LLC,OU=Organizational Units,DC=solomonedwards,DC=com"
"Segway","6","","4/17/2014 8:06:50 PM","5/13/2021 2:40:18 PM","OU=Segway,OU=I.T. Services,OU=Corporate Services,OU=PA - King of Prussia,OU=SolomonEdwardsGroup\, LLC,OU=Organizational Units,DC=solomonedwards,DC=com"
"RJB","6","","11/27/2012 11:15:32 PM","5/13/2021 2:40:14 PM","OU=RJB,OU=I.T. Services,OU=Corporate Services,OU=PA - King of Prussia,OU=SolomonEdwardsGroup\, LLC,OU=Organizational Units,DC=solomonedwards,DC=com"
"Perm Recruiters","4","","10/17/2002 1:36:05 AM","5/13/2021 2:40:18 PM","OU=Perm Recruiters,OU=PA - King of Prussia,OU=SolomonEdwardsGroup\, LLC,OU=Organizational Units,DC=solomonedwards,DC=com"
"z - Groups","4","","8/9/2013 2:36:16 AM","5/13/2021 2:40:14 PM","OU=z - Groups,OU=NJ - New Jersey,OU=SolomonEdwardsGroup\, LLC,OU=Organizational Units,DC=solomonedwards,DC=com"
"Admin Staff","4","","3/27/2007 1:11:33 PM","5/13/2021 2:40:18 PM","OU=Admin Staff,OU=TX - Houston,OU=SolomonEdwardsGroup\, LLC,OU=Organizational Units,DC=solomonedwards,DC=com"
"FTE Consultants","5","","9/26/2005 5:56:55 PM","5/13/2021 2:40:18 PM","OU=FTE Consultants,OU=Consulting,OU=PA - King of Prussia,OU=SolomonEdwardsGroup\, LLC,OU=Organizational Units,DC=solomonedwards,DC=com"
"Admin Staff","4","","10/17/2002 2:31:53 AM","5/13/2021 2:40:18 PM","OU=Admin Staff,OU=PA - King of Prussia,OU=SolomonEdwardsGroup\, LLC,OU=Organizational Units,DC=solomonedwards,DC=com"
"Temp Recruiters","4","","9/12/2005 6:11:24 PM","5/13/2021 2:40:18 PM","OU=Temp Recruiters,OU=ILL - Chicago,OU=SolomonEdwardsGroup\, LLC,OU=Organizational Units,DC=solomonedwards,DC=com"
"Delete ME","6","","5/20/2013 10:09:50 PM","5/13/2021 2:40:18 PM","OU=Delete ME,OU=Mail Enabled Security Groups,OU=z - Groups,OU=ILL - Chicago,OU=SolomonEdwardsGroup\, LLC,OU=Organizational Units,DC=solomonedwards,DC=com"
"z - Groups","4","","8/9/2013 2:30:53 AM","5/13/2021 2:40:18 PM","OU=z - Groups,OU=NY - New York,OU=SolomonEdwardsGroup\, LLC,OU=Organizational Units,DC=solomonedwards,DC=com"
"Project Based Accounts","2","","6/16/2008 1:26:46 PM","5/13/2021 2:40:18 PM","OU=Project Based Accounts,OU=Organizational Units,DC=solomonedwards,DC=com"
"MSquared Contacts","3","","5/22/2013 9:55:29 PM","5/13/2021 2:40:18 PM","OU=MSquared Contacts,OU=Project Based Accounts,OU=Organizational Units,DC=solomonedwards,DC=com"
"SF - Cons FWD Contacts","5","","9/5/2013 5:42:45 PM","5/13/2021 2:40:18 PM","OU=SF - Cons FWD Contacts,OU=SF - Consultants,OU=SF - Msquared,OU=SolomonEdwardsGroup\, LLC,OU=Organizational Units,DC=solomonedwards,DC=com"
"z - Groups","4","","9/4/2013 10:48:47 PM","5/13/2021 2:40:18 PM","OU=z - Groups,OU=SF - Msquared,OU=SolomonEdwardsGroup\, LLC,OU=Organizational Units,DC=solomonedwards,DC=com"
"LiquidHub","3","","7/11/2013 1:41:51 PM","5/13/2021 2:40:18 PM","OU=LiquidHub,OU=Allowed Vendors,OU=Organizational Units,DC=solomonedwards,DC=com"
"_Migration from Msquared to SolomonEdwards","1","","9/25/2013 8:29:18 PM","5/13/2021 2:40:18 PM","OU=_Migration from Msquared to SolomonEdwards,DC=solomonedwards,DC=com"
"Post WorkStation Migration","2","","9/25/2013 8:29:52 PM","5/13/2021 2:40:18 PM","OU=Post WorkStation Migration,OU=_Migration from Msquared to SolomonEdwards,DC=solomonedwards,DC=com"
"Workstations","2","","10/3/2013 6:55:27 PM","5/13/2021 2:40:18 PM","OU=Workstations,OU=_Migration from Msquared to SolomonEdwards,DC=solomonedwards,DC=com"
"Groups","2","","10/3/2013 6:54:54 PM","5/13/2021 2:40:18 PM","OU=Groups,OU=_Migration from Msquared to SolomonEdwards,DC=solomonedwards,DC=com"
"Servers","2","","10/3/2013 6:55:40 PM","5/13/2021 2:40:18 PM","OU=Servers,OU=_Migration from Msquared to SolomonEdwards,DC=solomonedwards,DC=com"
"Users","2","","10/3/2013 6:55:08 PM","5/13/2021 2:40:18 PM","OU=Users,OU=_Migration from Msquared to SolomonEdwards,DC=solomonedwards,DC=com"
"Legacy M2 Groups","5","","3/11/2015 3:33:50 PM","5/13/2021 2:40:18 PM","OU=Legacy M2 Groups,OU=z - Groups,OU=SF - Msquared,OU=SolomonEdwardsGroup\, LLC,OU=Organizational Units,DC=solomonedwards,DC=com"
"PHL","2","","2/20/2014 5:35:44 PM","5/13/2021 2:40:18 PM","OU=PHL,OU=SEG Computers,DC=solomonedwards,DC=com"
"HR","3","","2/20/2014 5:36:04 PM","5/13/2021 2:40:18 PM","OU=HR,OU=PHL,OU=SEG Computers,DC=solomonedwards,DC=com"
"Solomon Edwards VDIs","1","","9/30/2014 8:19:56 PM","5/13/2021 2:40:19 PM","OU=Solomon Edwards VDIs,DC=solomonedwards,DC=com"
"Testy1","2","","2/24/2014 10:40:52 PM","5/13/2021 2:40:20 PM","OU=Testy1,OU=TestUsers,DC=solomonedwards,DC=com"
"Msquared Consulting","3","","1/6/2015 9:37:59 PM","5/13/2021 2:40:20 PM","OU=Msquared Consulting,OU=Project Based Accounts,OU=Organizational Units,DC=solomonedwards,DC=com"
"Project Consultants","5","","9/1/2006 6:29:23 PM","5/13/2021 2:40:21 PM","OU=Project Consultants,OU=Consulting,OU=DC - Vienna,OU=SolomonEdwardsGroup\, LLC,OU=Organizational Units,DC=solomonedwards,DC=com"
"Scanner","1","","5/27/2015 6:32:16 PM","5/13/2021 2:40:21 PM","OU=Scanner,DC=solomonedwards,DC=com"
"VWR","3","","8/19/2015 9:14:00 PM","5/13/2021 2:40:23 PM","OU=VWR,OU=Project Based Accounts,OU=Organizational Units,DC=solomonedwards,DC=com"
"Okta Demo","2","","8/25/2015 2:36:41 PM","5/13/2021 2:40:23 PM","OU=Okta Demo,OU=Organizational Units,DC=solomonedwards,DC=com"
"Admin Staff","4","","10/17/2002 2:32:09 AM","5/13/2021 2:40:23 PM","OU=Admin Staff,OU=DC - Vienna,OU=SolomonEdwardsGroup\, LLC,OU=Organizational Units,DC=solomonedwards,DC=com"
"PenFed","3","","9/25/2015 4:43:18 PM","5/13/2021 2:40:23 PM","OU=PenFed,OU=Project Based Accounts,OU=Organizational Units,DC=solomonedwards,DC=com"
"Sharepoint","2","","10/12/2015 4:30:47 PM","5/13/2021 2:40:23 PM","OU=Sharepoint,OU=SEG Servers,DC=solomonedwards,DC=com"
"Intel","3","","12/11/2015 4:22:43 PM","5/13/2021 2:40:23 PM","OU=Intel,OU=Project Based Accounts,OU=Organizational Units,DC=solomonedwards,DC=com"
"FTE Consultants","5","","10/24/2006 9:03:04 PM","5/13/2021 2:40:23 PM","OU=FTE Consultants,OU=Consulting,OU=DC - Vienna,OU=SolomonEdwardsGroup\, LLC,OU=Organizational Units,DC=solomonedwards,DC=com"
"motiva","3","","7/13/2016 4:31:13 AM","5/13/2021 2:40:23 PM","OU=motiva,OU=Project Based Accounts,OU=Organizational Units,DC=solomonedwards,DC=com"
"Perm Recruiters","4","","8/9/2013 2:35:55 AM","5/13/2021 2:40:23 PM","OU=Perm Recruiters,OU=NJ - New Jersey,OU=SolomonEdwardsGroup\, LLC,OU=Organizational Units,DC=solomonedwards,DC=com"
"NE Bank of GA LoShare (Don't Delete Alonso uses qrtly)","3","","1/6/2014 9:44:25 PM","5/13/2021 2:40:23 PM","OU=NE Bank of GA LoShare (Don't Delete Alonso uses qrtly),OU=Project Based Accounts,OU=Organizational Units,DC=solomonedwards,DC=com"
"Temp Recruiters","4","","8/9/2013 2:36:03 AM","5/13/2021 2:40:23 PM","OU=Temp Recruiters,OU=NJ - New Jersey,OU=SolomonEdwardsGroup\, LLC,OU=Organizational Units,DC=solomonedwards,DC=com"
"Core","3","","11/15/2013 5:14:11 PM","5/13/2021 2:40:23 PM","OU=Core,OU=Allowed Vendors,OU=Organizational Units,DC=solomonedwards,DC=com"
"Admin Staff","4","","8/9/2013 2:29:50 AM","5/13/2021 2:40:23 PM","OU=Admin Staff,OU=NY - New York,OU=SolomonEdwardsGroup\, LLC,OU=Organizational Units,DC=solomonedwards,DC=com"
"Office365_Pilot","2","","10/19/2016 2:58:49 PM","5/13/2021 2:40:23 PM","OU=Office365_Pilot,OU=Organizational Units,DC=solomonedwards,DC=com"
"Perm Recruiters","4","","8/9/2013 2:30:21 AM","5/13/2021 2:40:23 PM","OU=Perm Recruiters,OU=NY - New York,OU=SolomonEdwardsGroup\, LLC,OU=Organizational Units,DC=solomonedwards,DC=com"
"Admin Staff","4","","10/17/2002 2:32:01 AM","5/13/2021 2:40:23 PM","OU=Admin Staff,OU=GA - Atlanta,OU=SolomonEdwardsGroup\, LLC,OU=Organizational Units,DC=solomonedwards,DC=com"
"Temp Recruiters","4","","8/9/2013 2:30:40 AM","5/13/2021 2:40:23 PM","OU=Temp Recruiters,OU=NY - New York,OU=SolomonEdwardsGroup\, LLC,OU=Organizational Units,DC=solomonedwards,DC=com"
"Perm Recruiters","4","","10/17/2002 2:30:04 AM","5/13/2021 2:40:23 PM","OU=Perm Recruiters,OU=GA - Atlanta,OU=SolomonEdwardsGroup\, LLC,OU=Organizational Units,DC=solomonedwards,DC=com"
"Inner Office","5","","9/26/2005 1:36:45 PM","5/13/2021 2:40:23 PM","OU=Inner Office,OU=Consulting,OU=GA - Atlanta,OU=SolomonEdwardsGroup\, LLC,OU=Organizational Units,DC=solomonedwards,DC=com"
"Admin Staff","4","","1/26/2006 7:44:50 PM","5/13/2021 2:40:23 PM","OU=Admin Staff,OU=ILL - Chicago,OU=SolomonEdwardsGroup\, LLC,OU=Organizational Units,DC=solomonedwards,DC=com"
"FTE Consultants","5","","10/21/2016 8:15:54 PM","5/13/2021 2:40:23 PM","OU=FTE Consultants,OU=Banking,OU=TX - Houston,OU=SolomonEdwardsGroup\, LLC,OU=Organizational Units,DC=solomonedwards,DC=com"
"Perm Recruiters","4","","9/12/2005 6:11:37 PM","5/13/2021 2:40:23 PM","OU=Perm Recruiters,OU=ILL - Chicago,OU=SolomonEdwardsGroup\, LLC,OU=Organizational Units,DC=solomonedwards,DC=com"
"Perm Recruiters","4","","3/27/2007 1:12:29 PM","5/13/2021 2:40:23 PM","OU=Perm Recruiters,OU=TX - Houston,OU=SolomonEdwardsGroup\, LLC,OU=Organizational Units,DC=solomonedwards,DC=com"
"Temp Recruiters","4","","3/27/2007 1:12:36 PM","5/13/2021 2:40:23 PM","OU=Temp Recruiters,OU=TX - Houston,OU=SolomonEdwardsGroup\, LLC,OU=Organizational Units,DC=solomonedwards,DC=com"
"Perm Recruiters","4","","3/1/2005 8:26:11 PM","5/13/2021 2:40:23 PM","OU=Perm Recruiters,OU=DC - Vienna,OU=SolomonEdwardsGroup\, LLC,OU=Organizational Units,DC=solomonedwards,DC=com"
"Temp Recruiters","4","","10/27/2005 1:08:34 PM","5/13/2021 2:40:23 PM","OU=Temp Recruiters,OU=DC - Vienna,OU=SolomonEdwardsGroup\, LLC,OU=Organizational Units,DC=solomonedwards,DC=com"
"test","4","","7/6/2015 8:39:58 PM","5/13/2021 2:40:23 PM","OU=test,OU=SF - Msquared,OU=SolomonEdwardsGroup\, LLC,OU=Organizational Units,DC=solomonedwards,DC=com"
"Project Consultants","5","","3/30/2007 12:58:50 PM","5/13/2021 2:40:23 PM","OU=Project Consultants,OU=Consulting,OU=GA - Atlanta,OU=SolomonEdwardsGroup\, LLC,OU=Organizational Units,DC=solomonedwards,DC=com"
"Project Consultants","5","","8/9/2013 2:31:39 AM","5/13/2021 2:40:23 PM","OU=Project Consultants,OU=Consulting,OU=NY - New York,OU=SolomonEdwardsGroup\, LLC,OU=Organizational Units,DC=solomonedwards,DC=com"
"Project Consultants","6","","8/9/2013 2:35:33 AM","5/13/2021 2:40:23 PM","OU=Project Consultants,OU=Consulting,OU=Admin Staff,OU=NJ - New Jersey,OU=SolomonEdwardsGroup\, LLC,OU=Organizational Units,DC=solomonedwards,DC=com"
"OrbitalATK","3","","11/11/2016 4:12:04 PM","5/13/2021 2:40:23 PM","OU=OrbitalATK,OU=Project Based Accounts,OU=Organizational Units,DC=solomonedwards,DC=com"
"SignatureNY","3","","11/22/2016 5:17:46 PM","5/13/2021 2:40:24 PM","OU=SignatureNY,OU=Project Based Accounts,OU=Organizational Units,DC=solomonedwards,DC=com"
"VTS","3","","2/2/2017 3:41:18 PM","5/13/2021 2:40:26 PM","OU=VTS,OU=Project Based Accounts,OU=Organizational Units,DC=solomonedwards,DC=com"
"Armstrong Flooring","3","","2/27/2017 9:51:28 PM","5/13/2021 2:40:26 PM","OU=Armstrong Flooring,OU=Project Based Accounts,OU=Organizational Units,DC=solomonedwards,DC=com"
"CBANK","3","","6/16/2017 3:45:13 PM","5/13/2021 2:40:26 PM","OU=CBANK,OU=Project Based Accounts,OU=Organizational Units,DC=solomonedwards,DC=com"
"EY","3","","3/20/2017 8:24:13 PM","5/13/2021 2:40:26 PM","OU=EY,OU=Project Based Accounts,OU=Organizational Units,DC=solomonedwards,DC=com"
"DrFirst","3","","6/30/2017 2:53:14 PM","5/13/2021 2:40:26 PM","OU=DrFirst,OU=Project Based Accounts,OU=Organizational Units,DC=solomonedwards,DC=com"
"RFI","3","","4/6/2017 8:22:42 PM","5/13/2021 2:40:26 PM","OU=RFI,OU=Project Based Accounts,OU=Organizational Units,DC=solomonedwards,DC=com"
"Magellan Health","3","","7/21/2017 1:47:26 PM","5/13/2021 2:40:26 PM","OU=Magellan Health,OU=Project Based Accounts,OU=Organizational Units,DC=solomonedwards,DC=com"
"Enersys","3","","5/5/2017 7:35:22 PM","5/13/2021 2:40:26 PM","OU=Enersys,OU=Project Based Accounts,OU=Organizational Units,DC=solomonedwards,DC=com"
"Blue Ridge Partners","3","","8/4/2017 1:40:55 PM","5/13/2021 2:40:26 PM","OU=Blue Ridge Partners,OU=Project Based Accounts,OU=Organizational Units,DC=solomonedwards,DC=com"
"ICTSI","3","","5/23/2017 2:04:56 PM","5/13/2021 2:40:26 PM","OU=ICTSI,OU=Project Based Accounts,OU=Organizational Units,DC=solomonedwards,DC=com"
"Apple LG","3","","8/29/2017 1:36:51 PM","5/13/2021 2:40:26 PM","OU=Apple LG,OU=Project Based Accounts,OU=Organizational Units,DC=solomonedwards,DC=com"
"KPMG","3","","6/8/2017 4:04:04 PM","5/13/2021 2:40:26 PM","OU=KPMG,OU=Project Based Accounts,OU=Organizational Units,DC=solomonedwards,DC=com"
"ADFS","2","","10/2/2017 2:39:03 PM","5/13/2021 2:40:26 PM","OU=ADFS,OU=SEG Servers,DC=solomonedwards,DC=com"
"Magna5","3","","6/12/2017 2:33:09 PM","5/13/2021 2:40:26 PM","OU=Magna5,OU=Project Based Accounts,OU=Organizational Units,DC=solomonedwards,DC=com"
"Avantor","3","","10/9/2017 2:09:49 PM","5/13/2021 2:40:26 PM","OU=Avantor,OU=Project Based Accounts,OU=Organizational Units,DC=solomonedwards,DC=com"
"Cancer Genetics","3","","10/11/2017 7:06:24 PM","5/13/2021 2:40:26 PM","OU=Cancer Genetics,OU=Project Based Accounts,OU=Organizational Units,DC=solomonedwards,DC=com"
"Hawc","3","","10/23/2017 2:07:28 PM","5/13/2021 2:40:26 PM","OU=Hawc,OU=Project Based Accounts,OU=Organizational Units,DC=solomonedwards,DC=com"
"Netskope","6","","11/1/2017 4:27:15 PM","5/13/2021 2:40:26 PM","OU=Netskope,OU=I.T. Services,OU=Corporate Services,OU=PA - King of Prussia,OU=SolomonEdwardsGroup\, LLC,OU=Organizational Units,DC=solomonedwards,DC=com"
"ERA","3","","11/13/2017 3:56:24 PM","5/13/2021 2:40:26 PM","OU=ERA,OU=Project Based Accounts,OU=Organizational Units,DC=solomonedwards,DC=com"
"FlowServe","3","","12/5/2017 3:22:16 PM","5/13/2021 2:40:26 PM","OU=FlowServe,OU=Project Based Accounts,OU=Organizational Units,DC=solomonedwards,DC=com"
"FlowServe Contacts","4","","1/3/2018 6:27:58 PM","5/13/2021 2:40:26 PM","OU=FlowServe Contacts,OU=FlowServe,OU=Project Based Accounts,OU=Organizational Units,DC=solomonedwards,DC=com"
"LGM","3","","2/16/2018 2:52:03 PM","5/13/2021 2:40:28 PM","OU=LGM,OU=Project Based Accounts,OU=Organizational Units,DC=solomonedwards,DC=com"
"Inova","3","","2/21/2018 3:57:57 PM","5/13/2021 2:40:28 PM","OU=Inova,OU=Project Based Accounts,OU=Organizational Units,DC=solomonedwards,DC=com"
"Rand Logistics","3","","3/19/2018 8:12:33 PM","5/13/2021 2:40:28 PM","OU=Rand Logistics,OU=Project Based Accounts,OU=Organizational Units,DC=solomonedwards,DC=com"
"Phoenix Services","3","","3/21/2018 5:39:28 PM","5/13/2021 2:40:28 PM","OU=Phoenix Services,OU=Project Based Accounts,OU=Organizational Units,DC=solomonedwards,DC=com"
"Renpure","3","","3/23/2018 3:42:37 PM","5/13/2021 2:40:28 PM","OU=Renpure,OU=Project Based Accounts,OU=Organizational Units,DC=solomonedwards,DC=com"
"test","3","","4/6/2018 5:44:15 PM","5/13/2021 2:40:28 PM","OU=test,OU=SolomonEdwardsGroup\, LLC,OU=Organizational Units,DC=solomonedwards,DC=com"
"1803 test","2","","5/18/2018 5:18:49 PM","5/13/2021 2:40:28 PM","OU=1803 test,OU=Domain Controllers,DC=solomonedwards,DC=com"
"Press Ganey","3","","5/22/2018 5:13:36 PM","5/13/2021 2:40:28 PM","OU=Press Ganey,OU=Project Based Accounts,OU=Organizational Units,DC=solomonedwards,DC=com"
"Berkadia","3","","6/12/2018 2:20:42 PM","5/13/2021 2:40:28 PM","OU=Berkadia,OU=Project Based Accounts,OU=Organizational Units,DC=solomonedwards,DC=com"
"Fleet Logistics","3","","7/23/2018 6:22:51 PM","5/13/2021 2:40:28 PM","OU=Fleet Logistics,OU=Project Based Accounts,OU=Organizational Units,DC=solomonedwards,DC=com"
"Anexinet","3","","6/28/2018 4:44:35 PM","5/13/2021 2:40:28 PM","OU=Anexinet,OU=Project Based Accounts,OU=Organizational Units,DC=solomonedwards,DC=com"
"US Pack","3","","8/10/2018 4:32:20 PM","5/13/2021 2:40:28 PM","OU=US Pack,OU=Project Based Accounts,OU=Organizational Units,DC=solomonedwards,DC=com"
"National Cooperative Bank","3","","7/10/2018 6:16:44 PM","5/13/2021 2:40:28 PM","OU=National Cooperative Bank,OU=Project Based Accounts,OU=Organizational Units,DC=solomonedwards,DC=com"
"LiveAction Inc","3","","8/30/2018 8:58:41 PM","5/13/2021 2:40:28 PM","OU=LiveAction Inc,OU=Project Based Accounts,OU=Organizational Units,DC=solomonedwards,DC=com"
"Fidelis","3","","7/16/2018 4:05:17 PM","5/13/2021 2:40:28 PM","OU=Fidelis,OU=Project Based Accounts,OU=Organizational Units,DC=solomonedwards,DC=com"
"M3","4","","9/11/2018 8:23:27 PM","5/13/2021 2:40:28 PM","OU=M3,OU=MSquared Contacts,OU=Project Based Accounts,OU=Organizational Units,DC=solomonedwards,DC=com"
"M3","3","","9/11/2018 8:23:51 PM","5/13/2021 2:40:28 PM","OU=M3,OU=Project Based Accounts,OU=Organizational Units,DC=solomonedwards,DC=com"
"OTC Mirion","3","","10/1/2018 4:10:28 PM","5/13/2021 2:40:28 PM","OU=OTC Mirion,OU=Project Based Accounts,OU=Organizational Units,DC=solomonedwards,DC=com"
"Tenrox Testing","6","","10/18/2018 2:47:25 PM","5/13/2021 2:40:28 PM","OU=Tenrox Testing,OU=I.T. Services,OU=Corporate Services,OU=PA - King of Prussia,OU=SolomonEdwardsGroup\, LLC,OU=Organizational Units,DC=solomonedwards,DC=com"
"Cardtronics","3","","1/28/2019 4:52:50 PM","5/13/2021 2:40:28 PM","OU=Cardtronics,OU=Project Based Accounts,OU=Organizational Units,DC=solomonedwards,DC=com"
"test1","4","","7/6/2015 8:41:36 PM","5/13/2021 2:40:28 PM","OU=test1,OU=SF - Msquared,OU=SolomonEdwardsGroup\, LLC,OU=Organizational Units,DC=solomonedwards,DC=com"
"Stanford","3","","6/5/2019 2:22:03 PM","5/13/2021 2:40:28 PM","OU=Stanford,OU=Sharepoint Groups,OU=Organizational Units,DC=solomonedwards,DC=com"
"Stanford","3","","6/5/2019 2:26:41 PM","5/13/2021 2:40:28 PM","OU=Stanford,OU=Project Based Accounts,OU=Organizational Units,DC=solomonedwards,DC=com"
"Childcare Development Services","3","","6/20/2019 1:20:47 PM","5/13/2021 2:40:28 PM","OU=Childcare Development Services,OU=Project Based Accounts,OU=Organizational Units,DC=solomonedwards,DC=com"
"CDS Auditor Files","4","","7/24/2019 3:07:09 PM","5/13/2021 2:40:31 PM","OU=CDS Auditor Files,OU=Childcare Development Services,OU=Project Based Accounts,OU=Organizational Units,DC=solomonedwards,DC=com"
"Access Groups","2","","9/6/2019 2:43:00 PM","5/13/2021 2:40:31 PM","OU=Access Groups,OU=Rapidscale,DC=solomonedwards,DC=com"
"XenDesktop","3","","9/9/2019 1:25:05 PM","7/25/2023 3:00:05 PM","OU=XenDesktop,OU=Servers,OU=Rapidscale,DC=solomonedwards,DC=com"
"SessionHosts","4","","9/9/2019 1:25:05 PM","4/3/2023 1:23:49 PM","OU=SessionHosts,OU=XenDesktop,OU=Servers,OU=Rapidscale,DC=solomonedwards,DC=com"
"KnowBe4 Groups","4","","5/7/2020 4:05:45 PM","5/13/2021 2:40:31 PM","OU=KnowBe4 Groups,OU=Z - Company Groups,OU=SolomonEdwardsGroup\, LLC,OU=Organizational Units,DC=solomonedwards,DC=com"
"BulkUserImport","2","","9/9/2019 6:17:05 PM","5/13/2021 2:40:31 PM","OU=BulkUserImport,OU=TestUsers,DC=solomonedwards,DC=com"
"Test","5","","9/9/2019 1:25:05 PM","5/13/2021 2:40:31 PM","OU=Test,OU=SessionHosts,OU=XenDesktop,OU=Servers,OU=Rapidscale,DC=solomonedwards,DC=com"
"Quad","1","","9/24/2019 3:07:55 PM","5/13/2021 2:40:31 PM","OU=Quad,DC=solomonedwards,DC=com"
"QuadTeam","1","","9/6/2019 5:58:09 PM","5/13/2021 2:40:33 PM","OU=QuadTeam,DC=solomonedwards,DC=com"
"QuadGroups","2","","9/27/2019 8:08:48 PM","5/13/2021 2:40:31 PM","OU=QuadGroups,OU=Quad,DC=solomonedwards,DC=com"
"Maintenance","5","","9/9/2019 1:25:05 PM","11/28/2021 7:35:20 AM","OU=Maintenance,OU=SessionHosts,OU=XenDesktop,OU=Servers,OU=Rapidscale,DC=solomonedwards,DC=com"
"Quad Desktops","2","","9/30/2019 6:54:26 PM","5/13/2021 2:40:31 PM","OU=Quad Desktops,OU=Quad,DC=solomonedwards,DC=com"
"Production","5","","9/9/2019 1:25:05 PM","11/28/2021 7:35:20 AM","OU=Production,OU=SessionHosts,OU=XenDesktop,OU=Servers,OU=Rapidscale,DC=solomonedwards,DC=com"
"Quad","3","","4/3/2020 5:10:25 PM","5/13/2021 2:40:31 PM","OU=Quad,OU=Ex-Employees,OU=Organizational Units,DC=solomonedwards,DC=com"
"OL_Deactivated","1","","2/25/2021 4:23:55 PM","5/13/2021 2:40:51 PM","OU=OL_Deactivated,DC=solomonedwards,DC=com"
"Ed's Special Project","4","","12/3/2019 8:34:44 PM","5/13/2021 2:40:31 PM","OU=Ed's Special Project,OU=- Corporate Executives,OU=SolomonEdwardsGroup\, LLC,OU=Organizational Units,DC=solomonedwards,DC=com"
"SolarWinds","4","","3/15/2022 5:12:02 PM","3/23/2022 1:01:39 PM","OU=SolarWinds,OU=Z - Company Groups,OU=SolomonEdwardsGroup\, LLC,OU=Organizational Units,DC=solomonedwards,DC=com"
"bball group","4","","1/7/2020 4:32:53 PM","5/13/2021 2:40:31 PM","OU=bball group,OU=- Corporate Executives,OU=SolomonEdwardsGroup\, LLC,OU=Organizational Units,DC=solomonedwards,DC=com"
"OpenGate","1","","1/31/2023 9:45:33 PM","1/31/2023 10:42:44 PM","OU=OpenGate,DC=solomonedwards,DC=com"
"Repoint","3","","1/9/2020 9:34:57 PM","5/13/2021 2:40:31 PM","OU=Repoint,OU=Allowed Vendors,OU=Organizational Units,DC=solomonedwards,DC=com"
"OpenGate Groups","2","","1/31/2023 10:43:03 PM","1/31/2023 10:42:44 PM","OU=OpenGate Groups,OU=OpenGate,DC=solomonedwards,DC=com"
"Azure","2","","2/3/2020 9:49:28 PM","5/13/2021 2:40:31 PM","OU=Azure,OU=Organizational Units,DC=solomonedwards,DC=com"
"Steele TAX","1","","11/25/2024 7:22:20 PM","11/25/2024 7:25:32 PM","OU=Steele TAX,DC=solomonedwards,DC=com"
"Dominion FC","1","","11/25/2024 7:22:54 PM","11/25/2024 7:26:11 PM","OU=Dominion FC,DC=solomonedwards,DC=com"
"FTE","2","","11/25/2024 7:25:27 PM","11/25/2024 7:25:32 PM","OU=FTE,OU=Steele TAX,DC=solomonedwards,DC=com"
"Project Consultants","2","","11/25/2024 7:25:48 PM","12/23/2024 3:01:01 PM","OU=Project Consultants,OU=Steele TAX,DC=solomonedwards,DC=com"
"FTE","2","","11/25/2024 7:25:58 PM","11/25/2024 7:26:11 PM","OU=FTE,OU=Dominion FC,DC=solomonedwards,DC=com"
"Project Consultants","2","","11/25/2024 7:26:11 PM","12/23/2024 3:00:25 PM","OU=Project Consultants,OU=Dominion FC,DC=solomonedwards,DC=com"
"Z - Company Groups","2","","12/6/2024 5:08:21 PM","12/6/2024 5:08:28 PM","OU=Z - Company Groups,OU=Steele TAX,DC=solomonedwards,DC=com"
"Z - Compnay Groups","2","","12/6/2024 5:12:09 PM","12/6/2024 5:12:11 PM","OU=Z - Compnay Groups,OU=Dominion FC,DC=solomonedwards,DC=com"
"DS","1","","12/6/2024 5:15:04 PM","1/15/2025 5:17:54 PM","OU=DS,DC=solomonedwards,DC=com"
"Z - Company Groups","2","","12/6/2024 5:16:40 PM","12/6/2024 5:16:54 PM","OU=Z - Company Groups,OU=DS,DC=solomonedwards,DC=com"
"FTE","2","","1/15/2025 4:53:06 PM","1/15/2025 4:53:21 PM","OU=FTE,OU=DS,DC=solomonedwards,DC=com"
"Project Consultants","2","","1/15/2025 4:53:20 PM","1/15/2025 4:53:21 PM","OU=Project Consultants,OU=DS,DC=solomonedwards,DC=com"
"Harbor","1","","4/17/2025 1:41:02 PM","4/17/2025 1:41:07 PM","OU=Harbor,DC=solomonedwards,DC=com"
"Gennetx","3","","4/30/2025 4:47:01 PM","4/30/2025 4:47:06 PM","OU=Gennetx,OU=Allowed Vendors,OU=Organizational Units,DC=solomonedwards,DC=com"
"exaltaret","2","","6/25/2025 4:12:03 PM","6/25/2025 4:12:18 PM","OU=exaltaret,OU=Organizational Units,DC=solomonedwards,DC=com"
"Renovous","3","","7/10/2025 7:12:33 PM","7/10/2025 7:12:37 PM","OU=Renovous,OU=Project Based Accounts,OU=Organizational Units,DC=solomonedwards,DC=com"
