"UserName","Name","Enabled","Service","Host","Password Last Set","Description","Primary GroupID","Memberof"
"sp-apppool","SP AppPool","True","sp","excelservices","12/6/2012 12:45:36 PM","","513",
"Administrator","Administrator","True","MSSQLSvc","phlats02.solomonedwards.com:2449","4/7/2025 1:50:59 PM","Built-in account for administering the computer/domain","513","ZoomUsers,EgnyteUsers,Exchange Services,Exchange Recovery Administrators,Netwrix Auditor Administrators,Netwrix Auditor Client Users,ADMTADMINS,Exchange Domain Servers,Administrators,Backup Operators,Enterprise Admins,Group Policy Creator Owners,Allowed RODC Password Replication Group,Schema Admins,Domain Admins,Replicator,Organization Management"
"Administrator","Administrator","True","MSSQLSvc","phlats02.solomonedwards.com:SQL2008","4/7/2025 1:50:59 PM","Built-in account for administering the computer/domain","513","ZoomUsers,EgnyteUsers,Exchange Services,Exchange Recovery Administrators,Netwrix Auditor Administrators,Netwrix Auditor Client Users,ADMTADMINS,Exchange Domain Servers,Administrators,Backup Operators,Enterprise Admins,Group Policy Creator Owners,Allowed RODC Password Replication Group,Schema Admins,Domain Admins,Replicator,Organization Management"
"Administrator","Administrator","True","MSSQLSvc","phlats02.solomonedwards.com:1268","4/7/2025 1:50:59 PM","Built-in account for administering the computer/domain","513","ZoomUsers,EgnyteUsers,Exchange Services,Exchange Recovery Administrators,Netwrix Auditor Administrators,Netwrix Auditor Client Users,ADMTADMINS,Exchange Domain Servers,Administrators,Backup Operators,Enterprise Admins,Group Policy Creator Owners,Allowed RODC Password Replication Group,Schema Admins,Domain Admins,Replicator,Organization Management"
"Administrator","Administrator","True","mssqlsvc","phlats02.solomonedwards.com:original","4/7/2025 1:50:59 PM","Built-in account for administering the computer/domain","513","ZoomUsers,EgnyteUsers,Exchange Services,Exchange Recovery Administrators,Netwrix Auditor Administrators,Netwrix Auditor Client Users,ADMTADMINS,Exchange Domain Servers,Administrators,Backup Operators,Enterprise Admins,Group Policy Creator Owners,Allowed RODC Password Replication Group,Schema Admins,Domain Admins,Replicator,Organization Management"
"Administrator","Administrator","True","mssqlsvc","phlats02:original","4/7/2025 1:50:59 PM","Built-in account for administering the computer/domain","513","ZoomUsers,EgnyteUsers,Exchange Services,Exchange Recovery Administrators,Netwrix Auditor Administrators,Netwrix Auditor Client Users,ADMTADMINS,Exchange Domain Servers,Administrators,Backup Operators,Enterprise Admins,Group Policy Creator Owners,Allowed RODC Password Replication Group,Schema Admins,Domain Admins,Replicator,Organization Management"
"Administrator","Administrator","True","MSSQLSvc","phlsql03old.solomonedwards.com:1433","4/7/2025 1:50:59 PM","Built-in account for administering the computer/domain","513","ZoomUsers,EgnyteUsers,Exchange Services,Exchange Recovery Administrators,Netwrix Auditor Administrators,Netwrix Auditor Client Users,ADMTADMINS,Exchange Domain Servers,Administrators,Backup Operators,Enterprise Admins,Group Policy Creator Owners,Allowed RODC Password Replication Group,Schema Admins,Domain Admins,Replicator,Organization Management"
"Administrator","Administrator","True","PVSSoap","XDPVS02.solomonedwards.com","4/7/2025 1:50:59 PM","Built-in account for administering the computer/domain","513","ZoomUsers,EgnyteUsers,Exchange Services,Exchange Recovery Administrators,Netwrix Auditor Administrators,Netwrix Auditor Client Users,ADMTADMINS,Exchange Domain Servers,Administrators,Backup Operators,Enterprise Admins,Group Policy Creator Owners,Allowed RODC Password Replication Group,Schema Admins,Domain Admins,Replicator,Organization Management"
"Administrator","Administrator","True","PVSSoap","XDPVS02","4/7/2025 1:50:59 PM","Built-in account for administering the computer/domain","513","ZoomUsers,EgnyteUsers,Exchange Services,Exchange Recovery Administrators,Netwrix Auditor Administrators,Netwrix Auditor Client Users,ADMTADMINS,Exchange Domain Servers,Administrators,Backup Operators,Enterprise Admins,Group Policy Creator Owners,Allowed RODC Password Replication Group,Schema Admins,Domain Admins,Replicator,Organization Management"
"Administrator","Administrator","True","MSSQLSvc","phlsql02.solomonedwards.com:1433","4/7/2025 1:50:59 PM","Built-in account for administering the computer/domain","513","ZoomUsers,EgnyteUsers,Exchange Services,Exchange Recovery Administrators,Netwrix Auditor Administrators,Netwrix Auditor Client Users,ADMTADMINS,Exchange Domain Servers,Administrators,Backup Operators,Enterprise Admins,Group Policy Creator Owners,Allowed RODC Password Replication Group,Schema Admins,Domain Admins,Replicator,Organization Management"
"Administrator","Administrator","True","MSSQLSvc","phlsql03.solomonedwards.com:1433","4/7/2025 1:50:59 PM","Built-in account for administering the computer/domain","513","ZoomUsers,EgnyteUsers,Exchange Services,Exchange Recovery Administrators,Netwrix Auditor Administrators,Netwrix Auditor Client Users,ADMTADMINS,Exchange Domain Servers,Administrators,Backup Operators,Enterprise Admins,Group Policy Creator Owners,Allowed RODC Password Replication Group,Schema Admins,Domain Admins,Replicator,Organization Management"
"Administrator","Administrator","True","MSSQLSvc","DEV-T520-RZ95.solomonedwards.com:SQL2008","4/7/2025 1:50:59 PM","Built-in account for administering the computer/domain","513","ZoomUsers,EgnyteUsers,Exchange Services,Exchange Recovery Administrators,Netwrix Auditor Administrators,Netwrix Auditor Client Users,ADMTADMINS,Exchange Domain Servers,Administrators,Backup Operators,Enterprise Admins,Group Policy Creator Owners,Allowed RODC Password Replication Group,Schema Admins,Domain Admins,Replicator,Organization Management"
"Administrator","Administrator","True","MSSQLSvc","XDPVS02.solomonedwards.com:50416","4/7/2025 1:50:59 PM","Built-in account for administering the computer/domain","513","ZoomUsers,EgnyteUsers,Exchange Services,Exchange Recovery Administrators,Netwrix Auditor Administrators,Netwrix Auditor Client Users,ADMTADMINS,Exchange Domain Servers,Administrators,Backup Operators,Enterprise Admins,Group Policy Creator Owners,Allowed RODC Password Replication Group,Schema Admins,Domain Admins,Replicator,Organization Management"
"Administrator","Administrator","True","MSSQLSvc","XDPVS02.solomonedwards.com:SQLEXPRESS","4/7/2025 1:50:59 PM","Built-in account for administering the computer/domain","513","ZoomUsers,EgnyteUsers,Exchange Services,Exchange Recovery Administrators,Netwrix Auditor Administrators,Netwrix Auditor Client Users,ADMTADMINS,Exchange Domain Servers,Administrators,Backup Operators,Enterprise Admins,Group Policy Creator Owners,Allowed RODC Password Replication Group,Schema Admins,Domain Admins,Replicator,Organization Management"
"Administrator","Administrator","True","MSSQLSvc","DEV-T520RZ9P.solomonedwards.com:SQL2008R2","4/7/2025 1:50:59 PM","Built-in account for administering the computer/domain","513","ZoomUsers,EgnyteUsers,Exchange Services,Exchange Recovery Administrators,Netwrix Auditor Administrators,Netwrix Auditor Client Users,ADMTADMINS,Exchange Domain Servers,Administrators,Backup Operators,Enterprise Admins,Group Policy Creator Owners,Allowed RODC Password Replication Group,Schema Admins,Domain Admins,Replicator,Organization Management"
"Administrator","Administrator","True","MSSQLSvc","DEV-T520RZ9P.solomonedwards.com:55634","4/7/2025 1:50:59 PM","Built-in account for administering the computer/domain","513","ZoomUsers,EgnyteUsers,Exchange Services,Exchange Recovery Administrators,Netwrix Auditor Administrators,Netwrix Auditor Client Users,ADMTADMINS,Exchange Domain Servers,Administrators,Backup Operators,Enterprise Admins,Group Policy Creator Owners,Allowed RODC Password Replication Group,Schema Admins,Domain Admins,Replicator,Organization Management"
"Administrator","Administrator","True","MSSQLSvc","phlats01.solomonedwards.com:1433","4/7/2025 1:50:59 PM","Built-in account for administering the computer/domain","513","ZoomUsers,EgnyteUsers,Exchange Services,Exchange Recovery Administrators,Netwrix Auditor Administrators,Netwrix Auditor Client Users,ADMTADMINS,Exchange Domain Servers,Administrators,Backup Operators,Enterprise Admins,Group Policy Creator Owners,Allowed RODC Password Replication Group,Schema Admins,Domain Admins,Replicator,Organization Management"
"Administrator","Administrator","True","PVSSoap","XDPVS03","4/7/2025 1:50:59 PM","Built-in account for administering the computer/domain","513","ZoomUsers,EgnyteUsers,Exchange Services,Exchange Recovery Administrators,Netwrix Auditor Administrators,Netwrix Auditor Client Users,ADMTADMINS,Exchange Domain Servers,Administrators,Backup Operators,Enterprise Admins,Group Policy Creator Owners,Allowed RODC Password Replication Group,Schema Admins,Domain Admins,Replicator,Organization Management"
"Administrator","Administrator","True","PVSSoap","XDPVS03.solomonedwards.com","4/7/2025 1:50:59 PM","Built-in account for administering the computer/domain","513","ZoomUsers,EgnyteUsers,Exchange Services,Exchange Recovery Administrators,Netwrix Auditor Administrators,Netwrix Auditor Client Users,ADMTADMINS,Exchange Domain Servers,Administrators,Backup Operators,Enterprise Admins,Group Policy Creator Owners,Allowed RODC Password Replication Group,Schema Admins,Domain Admins,Replicator,Organization Management"
"Administrator","Administrator","True","MSSQLSvc","XDPVS03.solomonedwards.com:SQLEXPRESS","4/7/2025 1:50:59 PM","Built-in account for administering the computer/domain","513","ZoomUsers,EgnyteUsers,Exchange Services,Exchange Recovery Administrators,Netwrix Auditor Administrators,Netwrix Auditor Client Users,ADMTADMINS,Exchange Domain Servers,Administrators,Backup Operators,Enterprise Admins,Group Policy Creator Owners,Allowed RODC Password Replication Group,Schema Admins,Domain Admins,Replicator,Organization Management"
"Administrator","Administrator","True","MSSQLSvc","DEV-T520RZ9P.solomonedwards.com:SQL2008","4/7/2025 1:50:59 PM","Built-in account for administering the computer/domain","513","ZoomUsers,EgnyteUsers,Exchange Services,Exchange Recovery Administrators,Netwrix Auditor Administrators,Netwrix Auditor Client Users,ADMTADMINS,Exchange Domain Servers,Administrators,Backup Operators,Enterprise Admins,Group Policy Creator Owners,Allowed RODC Password Replication Group,Schema Admins,Domain Admins,Replicator,Organization Management"
"Administrator","Administrator","True","MSSQLSvc","DEV-T520RZ9P.solomonedwards.com:55630","4/7/2025 1:50:59 PM","Built-in account for administering the computer/domain","513","ZoomUsers,EgnyteUsers,Exchange Services,Exchange Recovery Administrators,Netwrix Auditor Administrators,Netwrix Auditor Client Users,ADMTADMINS,Exchange Domain Servers,Administrators,Backup Operators,Enterprise Admins,Group Policy Creator Owners,Allowed RODC Password Replication Group,Schema Admins,Domain Admins,Replicator,Organization Management"
"Administrator","Administrator","True","MSSQLSvc","DEV-T520-RZ9Y.solomonedwards.com:SQL2008","4/7/2025 1:50:59 PM","Built-in account for administering the computer/domain","513","ZoomUsers,EgnyteUsers,Exchange Services,Exchange Recovery Administrators,Netwrix Auditor Administrators,Netwrix Auditor Client Users,ADMTADMINS,Exchange Domain Servers,Administrators,Backup Operators,Enterprise Admins,Group Policy Creator Owners,Allowed RODC Password Replication Group,Schema Admins,Domain Admins,Replicator,Organization Management"
"Administrator","Administrator","True","MSSQLSvc","DEV-T520-RZ9Y.solomonedwards.com:49227","4/7/2025 1:50:59 PM","Built-in account for administering the computer/domain","513","ZoomUsers,EgnyteUsers,Exchange Services,Exchange Recovery Administrators,Netwrix Auditor Administrators,Netwrix Auditor Client Users,ADMTADMINS,Exchange Domain Servers,Administrators,Backup Operators,Enterprise Admins,Group Policy Creator Owners,Allowed RODC Password Replication Group,Schema Admins,Domain Admins,Replicator,Organization Management"
"Administrator","Administrator","True","MSSQLSvc","XDPVS.solomonedwards.com:49300","4/7/2025 1:50:59 PM","Built-in account for administering the computer/domain","513","ZoomUsers,EgnyteUsers,Exchange Services,Exchange Recovery Administrators,Netwrix Auditor Administrators,Netwrix Auditor Client Users,ADMTADMINS,Exchange Domain Servers,Administrators,Backup Operators,Enterprise Admins,Group Policy Creator Owners,Allowed RODC Password Replication Group,Schema Admins,Domain Admins,Replicator,Organization Management"
"Administrator","Administrator","True","MSSQLSvc","PHLPVS01.solomonedwards.com:49300","4/7/2025 1:50:59 PM","Built-in account for administering the computer/domain","513","ZoomUsers,EgnyteUsers,Exchange Services,Exchange Recovery Administrators,Netwrix Auditor Administrators,Netwrix Auditor Client Users,ADMTADMINS,Exchange Domain Servers,Administrators,Backup Operators,Enterprise Admins,Group Policy Creator Owners,Allowed RODC Password Replication Group,Schema Admins,Domain Admins,Replicator,Organization Management"
"Administrator","Administrator","True","MSSQLSvc","DEV-T520-RZ9Y.solomonedwards.com:49196","4/7/2025 1:50:59 PM","Built-in account for administering the computer/domain","513","ZoomUsers,EgnyteUsers,Exchange Services,Exchange Recovery Administrators,Netwrix Auditor Administrators,Netwrix Auditor Client Users,ADMTADMINS,Exchange Domain Servers,Administrators,Backup Operators,Enterprise Admins,Group Policy Creator Owners,Allowed RODC Password Replication Group,Schema Admins,Domain Admins,Replicator,Organization Management"
"Administrator","Administrator","True","MSSQLSvc","DEV-T520-RZ9Y.solomonedwards.com:49179","4/7/2025 1:50:59 PM","Built-in account for administering the computer/domain","513","ZoomUsers,EgnyteUsers,Exchange Services,Exchange Recovery Administrators,Netwrix Auditor Administrators,Netwrix Auditor Client Users,ADMTADMINS,Exchange Domain Servers,Administrators,Backup Operators,Enterprise Admins,Group Policy Creator Owners,Allowed RODC Password Replication Group,Schema Admins,Domain Admins,Replicator,Organization Management"
"Administrator","Administrator","True","MSSQLSvc","DEV-T520-RZ9Y.solomonedwards.com:49432","4/7/2025 1:50:59 PM","Built-in account for administering the computer/domain","513","ZoomUsers,EgnyteUsers,Exchange Services,Exchange Recovery Administrators,Netwrix Auditor Administrators,Netwrix Auditor Client Users,ADMTADMINS,Exchange Domain Servers,Administrators,Backup Operators,Enterprise Admins,Group Policy Creator Owners,Allowed RODC Password Replication Group,Schema Admins,Domain Admins,Replicator,Organization Management"
"Administrator","Administrator","True","MSSQLSvc","DEV-T520-RZ9Y.solomonedwards.com:SQL2008R2","4/7/2025 1:50:59 PM","Built-in account for administering the computer/domain","513","ZoomUsers,EgnyteUsers,Exchange Services,Exchange Recovery Administrators,Netwrix Auditor Administrators,Netwrix Auditor Client Users,ADMTADMINS,Exchange Domain Servers,Administrators,Backup Operators,Enterprise Admins,Group Policy Creator Owners,Allowed RODC Password Replication Group,Schema Admins,Domain Admins,Replicator,Organization Management"
"Administrator","Administrator","True","MSSQLSvc","phlsql01.solomonedwards.com:1433","4/7/2025 1:50:59 PM","Built-in account for administering the computer/domain","513","ZoomUsers,EgnyteUsers,Exchange Services,Exchange Recovery Administrators,Netwrix Auditor Administrators,Netwrix Auditor Client Users,ADMTADMINS,Exchange Domain Servers,Administrators,Backup Operators,Enterprise Admins,Group Policy Creator Owners,Allowed RODC Password Replication Group,Schema Admins,Domain Admins,Replicator,Organization Management"
"Administrator","Administrator","True","MSSQLSvc","hou-l-531047x3.solomonedwards.com:SQL2008R2","4/7/2025 1:50:59 PM","Built-in account for administering the computer/domain","513","ZoomUsers,EgnyteUsers,Exchange Services,Exchange Recovery Administrators,Netwrix Auditor Administrators,Netwrix Auditor Client Users,ADMTADMINS,Exchange Domain Servers,Administrators,Backup Operators,Enterprise Admins,Group Policy Creator Owners,Allowed RODC Password Replication Group,Schema Admins,Domain Admins,Replicator,Organization Management"
"Administrator","Administrator","True","MSSQLSvc","DEV-T520-RZ95.solomonedwards.com:SQL2008R2","4/7/2025 1:50:59 PM","Built-in account for administering the computer/domain","513","ZoomUsers,EgnyteUsers,Exchange Services,Exchange Recovery Administrators,Netwrix Auditor Administrators,Netwrix Auditor Client Users,ADMTADMINS,Exchange Domain Servers,Administrators,Backup Operators,Enterprise Admins,Group Policy Creator Owners,Allowed RODC Password Replication Group,Schema Admins,Domain Admins,Replicator,Organization Management"
"Administrator","Administrator","True","MSSQLSvc","DEV-T520-RZ9X.solomonedwards.com:SQL2008","4/7/2025 1:50:59 PM","Built-in account for administering the computer/domain","513","ZoomUsers,EgnyteUsers,Exchange Services,Exchange Recovery Administrators,Netwrix Auditor Administrators,Netwrix Auditor Client Users,ADMTADMINS,Exchange Domain Servers,Administrators,Backup Operators,Enterprise Admins,Group Policy Creator Owners,Allowed RODC Password Replication Group,Schema Admins,Domain Admins,Replicator,Organization Management"
"Administrator","Administrator","True","MSSQLSvc","DEV-T520-RZ9X.solomonedwards.com:49904","4/7/2025 1:50:59 PM","Built-in account for administering the computer/domain","513","ZoomUsers,EgnyteUsers,Exchange Services,Exchange Recovery Administrators,Netwrix Auditor Administrators,Netwrix Auditor Client Users,ADMTADMINS,Exchange Domain Servers,Administrators,Backup Operators,Enterprise Admins,Group Policy Creator Owners,Allowed RODC Password Replication Group,Schema Admins,Domain Admins,Replicator,Organization Management"
"Administrator","Administrator","True","MSSQLSvc","DEV-T5202121.solomonedwards.com:50188","4/7/2025 1:50:59 PM","Built-in account for administering the computer/domain","513","ZoomUsers,EgnyteUsers,Exchange Services,Exchange Recovery Administrators,Netwrix Auditor Administrators,Netwrix Auditor Client Users,ADMTADMINS,Exchange Domain Servers,Administrators,Backup Operators,Enterprise Admins,Group Policy Creator Owners,Allowed RODC Password Replication Group,Schema Admins,Domain Admins,Replicator,Organization Management"
"Administrator","Administrator","True","MSSQLSvc","DEV-T5202121.solomonedwards.com:49177","4/7/2025 1:50:59 PM","Built-in account for administering the computer/domain","513","ZoomUsers,EgnyteUsers,Exchange Services,Exchange Recovery Administrators,Netwrix Auditor Administrators,Netwrix Auditor Client Users,ADMTADMINS,Exchange Domain Servers,Administrators,Backup Operators,Enterprise Admins,Group Policy Creator Owners,Allowed RODC Password Replication Group,Schema Admins,Domain Admins,Replicator,Organization Management"
"Administrator","Administrator","True","MSSQLSvc","DEV-T5202121.solomonedwards.com:SQL2008","4/7/2025 1:50:59 PM","Built-in account for administering the computer/domain","513","ZoomUsers,EgnyteUsers,Exchange Services,Exchange Recovery Administrators,Netwrix Auditor Administrators,Netwrix Auditor Client Users,ADMTADMINS,Exchange Domain Servers,Administrators,Backup Operators,Enterprise Admins,Group Policy Creator Owners,Allowed RODC Password Replication Group,Schema Admins,Domain Admins,Replicator,Organization Management"
"Administrator","Administrator","True","MSSQLSvc","DEV-T5201103.solomonedwards.com:49177","4/7/2025 1:50:59 PM","Built-in account for administering the computer/domain","513","ZoomUsers,EgnyteUsers,Exchange Services,Exchange Recovery Administrators,Netwrix Auditor Administrators,Netwrix Auditor Client Users,ADMTADMINS,Exchange Domain Servers,Administrators,Backup Operators,Enterprise Admins,Group Policy Creator Owners,Allowed RODC Password Replication Group,Schema Admins,Domain Admins,Replicator,Organization Management"
"Administrator","Administrator","True","MSSQLSvc","DEV-T5201103.solomonedwards.com:SQL2008","4/7/2025 1:50:59 PM","Built-in account for administering the computer/domain","513","ZoomUsers,EgnyteUsers,Exchange Services,Exchange Recovery Administrators,Netwrix Auditor Administrators,Netwrix Auditor Client Users,ADMTADMINS,Exchange Domain Servers,Administrators,Backup Operators,Enterprise Admins,Group Policy Creator Owners,Allowed RODC Password Replication Group,Schema Admins,Domain Admins,Replicator,Organization Management"
"Administrator","Administrator","True","MSSQLSvc","PHL-L-SL510RFM5.solomonedwards.com:SQL2008","4/7/2025 1:50:59 PM","Built-in account for administering the computer/domain","513","ZoomUsers,EgnyteUsers,Exchange Services,Exchange Recovery Administrators,Netwrix Auditor Administrators,Netwrix Auditor Client Users,ADMTADMINS,Exchange Domain Servers,Administrators,Backup Operators,Enterprise Admins,Group Policy Creator Owners,Allowed RODC Password Replication Group,Schema Admins,Domain Admins,Replicator,Organization Management"
"Administrator","Administrator","True","MSSQLSvc","PHL-L-SL510RFM5.solomonedwards.com:1280","4/7/2025 1:50:59 PM","Built-in account for administering the computer/domain","513","ZoomUsers,EgnyteUsers,Exchange Services,Exchange Recovery Administrators,Netwrix Auditor Administrators,Netwrix Auditor Client Users,ADMTADMINS,Exchange Domain Servers,Administrators,Backup Operators,Enterprise Admins,Group Policy Creator Owners,Allowed RODC Password Replication Group,Schema Admins,Domain Admins,Replicator,Organization Management"
"Administrator","Administrator","True","MSSQLSvc","HOUC-L-510FGHK.solomonedwards.com:54812","4/7/2025 1:50:59 PM","Built-in account for administering the computer/domain","513","ZoomUsers,EgnyteUsers,Exchange Services,Exchange Recovery Administrators,Netwrix Auditor Administrators,Netwrix Auditor Client Users,ADMTADMINS,Exchange Domain Servers,Administrators,Backup Operators,Enterprise Admins,Group Policy Creator Owners,Allowed RODC Password Replication Group,Schema Admins,Domain Admins,Replicator,Organization Management"
"Administrator","Administrator","True","MSSQLSvc","HOUC-L-510FGHK.solomonedwards.com:SQL2008","4/7/2025 1:50:59 PM","Built-in account for administering the computer/domain","513","ZoomUsers,EgnyteUsers,Exchange Services,Exchange Recovery Administrators,Netwrix Auditor Administrators,Netwrix Auditor Client Users,ADMTADMINS,Exchange Domain Servers,Administrators,Backup Operators,Enterprise Admins,Group Policy Creator Owners,Allowed RODC Password Replication Group,Schema Admins,Domain Admins,Replicator,Organization Management"
"Administrator","Administrator","True","MSSQLSvc","HOUC-L-510FGHK.solomonedwards.com:60048","4/7/2025 1:50:59 PM","Built-in account for administering the computer/domain","513","ZoomUsers,EgnyteUsers,Exchange Services,Exchange Recovery Administrators,Netwrix Auditor Administrators,Netwrix Auditor Client Users,ADMTADMINS,Exchange Domain Servers,Administrators,Backup Operators,Enterprise Admins,Group Policy Creator Owners,Allowed RODC Password Replication Group,Schema Admins,Domain Admins,Replicator,Organization Management"
"Administrator","Administrator","True","MSSQLSvc","houc-l-r700526h.solomonedwards.com:49593","4/7/2025 1:50:59 PM","Built-in account for administering the computer/domain","513","ZoomUsers,EgnyteUsers,Exchange Services,Exchange Recovery Administrators,Netwrix Auditor Administrators,Netwrix Auditor Client Users,ADMTADMINS,Exchange Domain Servers,Administrators,Backup Operators,Enterprise Admins,Group Policy Creator Owners,Allowed RODC Password Replication Group,Schema Admins,Domain Admins,Replicator,Organization Management"
"Administrator","Administrator","True","MSSQLSvc","houc-l-r700526h.solomonedwards.com:SQL2008","4/7/2025 1:50:59 PM","Built-in account for administering the computer/domain","513","ZoomUsers,EgnyteUsers,Exchange Services,Exchange Recovery Administrators,Netwrix Auditor Administrators,Netwrix Auditor Client Users,ADMTADMINS,Exchange Domain Servers,Administrators,Backup Operators,Enterprise Admins,Group Policy Creator Owners,Allowed RODC Password Replication Group,Schema Admins,Domain Admins,Replicator,Organization Management"
"Administrator","Administrator","True","MSSQLSvc","houc-l-r700526h.solomonedwards.com:49487","4/7/2025 1:50:59 PM","Built-in account for administering the computer/domain","513","ZoomUsers,EgnyteUsers,Exchange Services,Exchange Recovery Administrators,Netwrix Auditor Administrators,Netwrix Auditor Client Users,ADMTADMINS,Exchange Domain Servers,Administrators,Backup Operators,Enterprise Admins,Group Policy Creator Owners,Allowed RODC Password Replication Group,Schema Admins,Domain Admins,Replicator,Organization Management"
"Administrator","Administrator","True","MSSQLSvc","NB-L-SL510ZBBK.solomonedwards.com:51240","4/7/2025 1:50:59 PM","Built-in account for administering the computer/domain","513","ZoomUsers,EgnyteUsers,Exchange Services,Exchange Recovery Administrators,Netwrix Auditor Administrators,Netwrix Auditor Client Users,ADMTADMINS,Exchange Domain Servers,Administrators,Backup Operators,Enterprise Admins,Group Policy Creator Owners,Allowed RODC Password Replication Group,Schema Admins,Domain Admins,Replicator,Organization Management"
"Administrator","Administrator","True","MSSQLSvc","NB-L-SL510ZBBK.solomonedwards.com:SQL2008","4/7/2025 1:50:59 PM","Built-in account for administering the computer/domain","513","ZoomUsers,EgnyteUsers,Exchange Services,Exchange Recovery Administrators,Netwrix Auditor Administrators,Netwrix Auditor Client Users,ADMTADMINS,Exchange Domain Servers,Administrators,Backup Operators,Enterprise Admins,Group Policy Creator Owners,Allowed RODC Password Replication Group,Schema Admins,Domain Admins,Replicator,Organization Management"
"Administrator","Administrator","True","MSSQLSvc","NB-L-SL510ZBBK.solomonedwards.com:51418","4/7/2025 1:50:59 PM","Built-in account for administering the computer/domain","513","ZoomUsers,EgnyteUsers,Exchange Services,Exchange Recovery Administrators,Netwrix Auditor Administrators,Netwrix Auditor Client Users,ADMTADMINS,Exchange Domain Servers,Administrators,Backup Operators,Enterprise Admins,Group Policy Creator Owners,Allowed RODC Password Replication Group,Schema Admins,Domain Admins,Replicator,Organization Management"
"Administrator","Administrator","True","MSSQLSvc","SEGDEV01.solomonedwards.com:1143","4/7/2025 1:50:59 PM","Built-in account for administering the computer/domain","513","ZoomUsers,EgnyteUsers,Exchange Services,Exchange Recovery Administrators,Netwrix Auditor Administrators,Netwrix Auditor Client Users,ADMTADMINS,Exchange Domain Servers,Administrators,Backup Operators,Enterprise Admins,Group Policy Creator Owners,Allowed RODC Password Replication Group,Schema Admins,Domain Admins,Replicator,Organization Management"
"Administrator","Administrator","True","MSSQLSvc","phlpst01.solomonedwards.com:4832","4/7/2025 1:50:59 PM","Built-in account for administering the computer/domain","513","ZoomUsers,EgnyteUsers,Exchange Services,Exchange Recovery Administrators,Netwrix Auditor Administrators,Netwrix Auditor Client Users,ADMTADMINS,Exchange Domain Servers,Administrators,Backup Operators,Enterprise Admins,Group Policy Creator Owners,Allowed RODC Password Replication Group,Schema Admins,Domain Admins,Replicator,Organization Management"
"Administrator","Administrator","True","MSSQLSvc","phlats02.solomonedwards.com:1783","4/7/2025 1:50:59 PM","Built-in account for administering the computer/domain","513","ZoomUsers,EgnyteUsers,Exchange Services,Exchange Recovery Administrators,Netwrix Auditor Administrators,Netwrix Auditor Client Users,ADMTADMINS,Exchange Domain Servers,Administrators,Backup Operators,Enterprise Admins,Group Policy Creator Owners,Allowed RODC Password Replication Group,Schema Admins,Domain Admins,Replicator,Organization Management"
"Administrator","Administrator","True","MSSQLSvc","phlsql12-VS.solomonedwards.com:1433","4/7/2025 1:50:59 PM","Built-in account for administering the computer/domain","513","ZoomUsers,EgnyteUsers,Exchange Services,Exchange Recovery Administrators,Netwrix Auditor Administrators,Netwrix Auditor Client Users,ADMTADMINS,Exchange Domain Servers,Administrators,Backup Operators,Enterprise Admins,Group Policy Creator Owners,Allowed RODC Password Replication Group,Schema Admins,Domain Admins,Replicator,Organization Management"
"Administrator","Administrator","True","MSSQLSvc","PHLSQL10.solomonedwards.com:1433","4/7/2025 1:50:59 PM","Built-in account for administering the computer/domain","513","ZoomUsers,EgnyteUsers,Exchange Services,Exchange Recovery Administrators,Netwrix Auditor Administrators,Netwrix Auditor Client Users,ADMTADMINS,Exchange Domain Servers,Administrators,Backup Operators,Enterprise Admins,Group Policy Creator Owners,Allowed RODC Password Replication Group,Schema Admins,Domain Admins,Replicator,Organization Management"
"backup","BackupService","True","MSSQLSvc","ATLC-L-510AFXP.solomonedwards.com:1433","6/5/2007 10:01:49 AM","Arcserve Service Acct.","512","Administrators,Backup Operators"
"krbtgt","krbtgt","False","kadmin","changepw","12/6/2017 1:25:38 PM","Key Distribution Center Service Account","513","Denied RODC Password Replication Group"
"lyncadmin","lyncadmin","False","MSSQLSvc","Solomon-Lync08.solomonedwards.com:58077","8/2/2018 11:39:24 AM","","513",
"lyncadmin","lyncadmin","False","MSSQLSvc","Solomon-Lync08.solomonedwards.com:RTC","8/2/2018 11:39:24 AM","","513",
"lyncadmin","lyncadmin","False","MSSQLSvc","Solomon-Lync08:RTC","8/2/2018 11:39:24 AM","","513",
"lyncadmin","lyncadmin","False","MSSQLSvc","Solomon-Lync08:58077","8/2/2018 11:39:24 AM","","513",
"lyncadmin","lyncadmin","False","MSSQLSvc","Solomon-Lync09.solomonedwards.com:54852","8/2/2018 11:39:24 AM","","513",
"lyncadmin","lyncadmin","False","MSSQLSvc","Solomon-Lync09.solomonedwards.com:RTC","8/2/2018 11:39:24 AM","","513",
"lyncadmin","lyncadmin","False","MSSQLSvc","Solomon-Lync06.solomonedwards.com:1443","8/2/2018 11:39:24 AM","","513",
"lyncadmin","lyncadmin","False","MSSQLSvc","Solomon-Lync06.solomonedwards.com:RTC","8/2/2018 11:39:24 AM","","513",
"extrateam","Extra Team","False","MSSQLSvc","srv-admt1.solomonedwards.com:SQLEXPRESS","1/8/2015 10:30:21 AM","3Xtr@53G","513","VDI_Local_Admins,ADMTADMINS"
"SQLII","SQL Services II","True","MSSQLSvc","DEV-W520-KG20.solomonedwards.com:49231","3/18/2012 10:54:27 PM","","512","Domain Users"
"SQLII","SQL Services II","True","MSSQLSvc","DEV-W520-KG20.solomonedwards.com:49190","3/18/2012 10:54:27 PM","","512","Domain Users"
"SQLII","SQL Services II","True","MSSQLSvc","SEGDEV03.solomonedwards.com:SQL2008","3/18/2012 10:54:27 PM","","512","Domain Users"
"SQLII","SQL Services II","True","MSSQLSvc","SEGDEV03.solomonedwards.com:49418","3/18/2012 10:54:27 PM","","512","Domain Users"
"SQLII","SQL Services II","True","MSSQLSvc","DEV-W520-K91V.solomonedwards.com:SQL2008R2","3/18/2012 10:54:27 PM","","512","Domain Users"
"SQLII","SQL Services II","True","MSSQLSvc","DEV-W520-KG20.solomonedwards.com:SQL2008R2","3/18/2012 10:54:27 PM","","512","Domain Users"
"SQLII","SQL Services II","True","MSSQLSvc","DEV-W520-KG20.solomonedwards.com:SQL2008","3/18/2012 10:54:27 PM","","512","Domain Users"
"SQLII","SQL Services II","True","MSSQLSvc","DEV-W520-K91V.solomonedwards.com:SQL2008","3/18/2012 10:54:27 PM","","512","Domain Users"
"mailmeterservice","MailMeter Service","False","MSSQLSvc","PHLMMDB02.solomonedwards.com:51204","5/15/2008 4:16:37 PM","","8448",
"mailmeterservice","MailMeter Service","False","MSSQLSvc","PHLMMDB02.solomonedwards.com:MAILMETER2008","5/15/2008 4:16:37 PM","","8448",
"cargas02","Cargas02","True","HTTP","TESTGP01.solomonedwards.com","10/11/2013 4:31:04 PM","password: SEG!test02 used for econnect on sql 05","513",
"cargas02","Cargas02","True","HTTP","TESTGP01","10/11/2013 4:31:04 PM","password: SEG!test02 used for econnect on sql 05","513",
